index,url,valid,domain,title,description,image,published,archive,content,quote,language,term,topic,feed,country,ipcc,continent
https://www.bbc.co.uk/programmes/p0p20kqs,https://www.bbc.co.uk/programmes/p0p20kqs,0,www.bbc.co.uk,Wildfires in Europe,"Wildfires continue to burn across the continent. Thousands of people have been evacuated on the Greek island of Crete, as well as in western France, Spain, Portugal and Turkey. A blaze in central Spain has burned almost 80,000 hectares over the last week and …",https://ichef.bbci.co.uk/images/ic/1200x675/p0p20ksn.jpg,2026-08-01T00:30:00Z,,"Wildfires continue to burn across the continent. Thousands of people have been evacuated on the Greek island of Crete, as well as in western France, Spain, Portugal and Turkey. A blaze in central Spa… [+747 chars]",,en,Wild Fire Turkey,Wildfire,effis,Turkey,MED,Asia
https://www.irishtimes.com/world/europe/2026/08/01/irish-wine-geese-vineyards-under-threat-in-bordeaux/,https://www.irishtimes.com/world/europe/2026/08/01/irish-wine-geese-vineyards-under-threat-in-bordeaux/,0,www.irishtimes.com,Irish ‘wine geese’ vineyards under threat in Bordeaux,Centuries-old French vineyards bearing the names of Irish founders hope to escape effects of wildfire smoke,https://www.irishtimes.com/resizer/v2/QWYOYLCEOBFPRLXG4XUQSFLQOA.jpg?smart=true&auth=bf065ba0005eab68791ee65f84d07c78607d18187ab56aac69c94a8d86fc8c4f&width=1200&height=630,2026-08-01T06:00:00Z,,"When an acrid haze began drifting over the neat rows of vines that blanket the landscape north of Bordeaux, it was just the latest challenge from a changing climate that is toughening conditions for … [+6895 chars]",,en,wildfire,Wildfire,random,,,
https://www.cbc.ca/news/world/evacuees-return-homes-france-wildfires-9.7292427,https://www.cbc.ca/news/world/evacuees-return-homes-france-wildfires-9.7292427,0,www.cbc.ca,What French communities have learned after a week of battling wildfires that threaten their way of life,People in communities across southwestern France have spent the last week volunteering to aid firefighting efforts as blazes ravage the pine forests near their small towns. Now they face a difficult transition as they move from crisis response to figuring out…,"https://i.cbc.ca/ais/fbac15f8-b84a-4fa4-8cf7-3e28f1714211,1785512098838/full/max/0/default.jpg?im=Crop%2Crect%3D%280%2C624%2C5123%2C2881%29%3BResize%3D620",2026-08-01T08:00:00Z,,"When he walked into his home after evacuation orders were lifted in nearly a dozen French communities hit by wildfires Thursday, Frédéric Delbreil says everything was frozen in time. 
""It was strang… [+5702 chars]",,en,Forest Fire France,Wildfire,emdat,France,WCE,Europe
https://www.abc.net.au/news/2026-08-01/europe-france-greece-fires-australian-firefighters-sent/106986212,https://www.abc.net.au/news/2026-08-01/europe-france-greece-fires-australian-firefighters-sent/106986212,0,www.abc.net.au,Wildfires force mass evacuations in Europe as Australia sends help,"Hundreds of thousands of people were evacuated in France this week, as fires continue to grip Europe.",https://live-production.wcms.abc-cdn.net.au/e797a8b74769b9c180a1e9682099c922?impolicy=wcms_watermark_news&cropH=2813&cropW=5000&xPos=0&yPos=522&width=862&height=485&imformat=generic,2026-08-01T10:14:46Z,,"Nearly a quarter of a million people were driven from their homes and vacation sites in France this week, as fires devastated 42,000 hectares of forest west of Bordeaux.
Europe is facing an extremel… [+4052 chars]",,en,Wildfire France,Wildfire,cmeter,France,WCE,Europe
https://abcnews.com/International/wireStory/europes-wildfire-crisis-shifts-200000-french-return-new-135283024,https://abcnews.com/International/wireStory/europes-wildfire-crisis-shifts-200000-french-return-new-135283024,0,abcnews.com,"Europe’s wildfire crisis shifts as some 200,000 French return but new blazes force thousands to flee","Firefighters have contained a vast wildfire in southwestern France, allowing nearly 200,000 people to return home after what may have been the country’s largest peacetime evacuation",https://i.abcnewsfe.com/a/09132c44-24de-4b0e-9941-e70908882b62/wirestory_9acd6a30ef36a33fbd48600620aeeb37_16x9.jpg?w=1600,2026-08-01T11:32:19Z,,"LE PORGE, France -- Firefighters held a vast wildfire inside its perimeter in southwestern France on Saturday, allowing about 198,000 people to return home after what may have been the countrys large… [+4454 chars]",,en,wildfire,Wildfire,random,,,
https://www.rte.ie/news/europe/2026/0801/1586113-wildfires-europe/,https://www.rte.ie/news/europe/2026/0801/1586113-wildfires-europe/,0,www.rte.ie,Firefighters tackle wildfires in several areas in Greece,"Wildfires fanned by heavy winds is burning across multiple areas of Greece, including near Athens, with large-scale firefighting operations and emergency evacuations under way.",https://www.rte.ie/images/0024c9a0-1600.jpg,2026-08-01T11:40:22Z,,"Wildfires fanned by heavy winds is burning across multiple areas of Greece, including near Athens, with large-scale firefighting operations and emergency evacuations under way.
It comes as condition… [+3940 chars]",,en,Wildfire Greece,Wildfire,effis,Greece,MED,Europe
https://www.cnbc.com/2026/08/01/wildfires-rage-in-greece-firefighters-battle-blazes-in-france-spain.html,https://www.cnbc.com/2026/08/01/wildfires-rage-in-greece-firefighters-battle-blazes-in-france-spain.html,0,www.cnbc.com,"Wildfires rage in Greece; firefighters battle blazes in France, Spain",Production of nuclear power in Hungary and hydropower in Serbia has fallen because of record low water levels along the Danube.,https://image.cnbcfm.com/api/v1/image/108343495-1785585226194-gettyimages-2287850150-AFP_C3QW4ZQ.jpeg?v=1785585243&w=1920&h=1080,2026-08-01T12:03:20Z,,"Greek firefighters try to extinguish a wildfire in the area of Porto Germeno, some 70 kilometres (45 miles) northwest of Athens in the region of Viotia, on August 1, 2026. (Photo by Angelos TZORTZINI… [+4327 chars]",,en,wildfire,Wildfire,random,,,
https://www.thelocal.com/20260801/three-of-eus-15-largest-wildfires-since-2016-occurred-in-july,https://www.thelocal.com/20260801/three-of-eus-15-largest-wildfires-since-2016-occurred-in-july,0,www.thelocal.com,Three of EU's 15 largest wildfires since 2016 occurred in July,Three wildfires that broke out within days of each other in Spain and France this month are among the 15 largest recorded in the European Union since 2016.,https://assets.thelocal.com/cdn-cgi/rs:fit:1200/quality:75/plain/https://apiwp.thelocal.com/wp-content/uploads/2026/08/watermarks-logo-AFP__20260731__C3Q963N__v1__MidRes__FranceEnvironmentClimateWeatherWildfire.jpg@webp,2026-08-01T12:06:16Z,,"Three wildfires that broke out within days of each other in Spain and France this month are among the 15 largest recorded in the European Union since 2016.
 The largest wildfire in Spain's recent hi… [+2143 chars]",,en,Wildfire France,Wildfire,cmeter,France,WCE,Europe
https://fortune.com/2026/08/01/france-wildfire-evacuation-bordeaux-var-greece/,https://fortune.com/2026/08/01/france-wildfire-evacuation-bordeaux-var-greece/,0,fortune.com,France’s largest peacetime evacuation ends — with new fires erupting elsewhere,"Firefighters held a vast wildfire inside its perimeter in southwestern France on Saturday, allowing about 198,000 people to return home after what may have been the country’s largest peacetime evacuation, even as renewed fires forced thousands from their home…","https://fortune.com/img-assets/wp-content/uploads/2026/08/GettyImages-2287707230-e1785588555606.jpg?resize=1200,600",2026-08-01T12:49:39Z,,"Firefighters held a vast wildfire inside its perimeter in southwestern France on Saturday, allowing about 198,000 people to return home after what may have been the countrys largest peacetime evacuat… [+4431 chars]",,en,wildfire,Wildfire,random,,,
https://timesofindia.indiatimes.com/city/ahmedabad/ahmedabad-gujarat-out-of-red-rain-to-ease-from-monday/articleshow/132796381.cms,https://timesofindia.indiatimes.com/city/ahmedabad/ahmedabad-gujarat-out-of-red-rain-to-ease-from-monday/articleshow/132796381.cms,0,timesofindia.indiatimes.com,"Ahmedabad, Gujarat out of ‘red’; rain to ease from Monday","IMD lifts red alert for Ahmedabad; Gujarat to see isolated heavy rain in north on Sunday, then mostly light to moderate showers from Monday onward.","https://static.toiimg.com/thumb/msid-132796419,width-1280,height-720,resizemode-6,overlay-toi_sw,pt-32,y_pad-600/photo.jpg",2026-08-01T19:16:28Z,,"Follow Us On Social Media
Bomb Indias Dams, Youll Flood Pak: Maj Sudeep Singh (R) Warns Asim Munir Over IWT Threats'Can't Protect Israel From Iran': U.S. Military Washes Off Its Hands, Throws Netany… [+1383 chars]",,en,heavy rain,Precipitation,random,,,
https://timesofindia.indiatimes.com/city/jaipur/imd-forecasts-continued-monsoon-showers-across-rajasthan-this-week/articleshow/132796425.cms,https://timesofindia.indiatimes.com/city/jaipur/imd-forecasts-continued-monsoon-showers-across-rajasthan-this-week/articleshow/132796425.cms,0,timesofindia.indiatimes.com,IMD forecasts continued monsoon showers across Rajasthan this week,"IMD forecasts active monsoon in Rajasthan for 7 days; heavy rain likely in Udaipur and Kota divisions, scattered showers in Jaipur and Jodhpur, temps near normal.","https://static.toiimg.com/thumb/msid-132796424,width-1280,height-720,resizemode-6,overlay-toi_sw,pt-32,y_pad-600/photo.jpg",2026-08-01T19:21:26Z,,"Follow Us On Social Media
Bomb Indias Dams, Youll Flood Pak: Maj Sudeep Singh (R) Warns Asim Munir Over IWT Threats'Can't Protect Israel From Iran': U.S. Military Washes Off Its Hands, Throws Netany… [+1383 chars]",,en,heavy rain,Precipitation,random,,,
https://www.abc.net.au/news/2026-08-02/kalgoorlie-people-fight-back-gainst-dust-storms/106909830,https://www.abc.net.au/news/2026-08-02/kalgoorlie-people-fight-back-gainst-dust-storms/106909830,0,www.abc.net.au,Radical idea to stop dust storms in this outback city has been a success for 50 years,"Dust storms would blanket the sky and send people running indoors in this outback mining city. Fifty years ago, one man arrived in town with a radical idea that changed Kalgoorlie-Boulder.",https://live-production.wcms.abc-cdn.net.au/9c69f329e031277f1f9c28676e9ae35b?impolicy=wcms_watermark_news&cropH=2268&cropW=4032&xPos=0&yPos=378&width=862&height=485&imformat=generic,2026-08-02T00:11:35Z,,"Doug Daws remembers when colossal dust storms would regularly strike his outback hometown, grinding life to a halt and sending people sprinting indoors.
""You could hear the wind coming, and you'd sa… [+7164 chars]",,en,storm,Storm,random,,,
https://kyweathercenter.com/?p=78327,https://kyweathercenter.com/?p=78327,0,kyweathercenter.com,Spiraling Showers and Storms Continue,"Good Sunday, everyone. Strong to severe storms rumbled across Kentucky Saturday as a slow-moving low moved in from the west. This low is spinning on top of us today, bringing more in the way of showers and storms. Once gain, this will not be all day action by…",,2026-08-02T05:10:11Z,,"Good Sunday, everyone. Strong to severe storms rumbled across Kentucky Saturday as a slow-moving low moved in from the west. This low is spinning on top of us today, bringing more in the way of showe… [+2148 chars]",,en,Storm Ning er,Storm,wmo,China,EAS,Asia
https://consent.yahoo.com/v2/collectConsent?sessionId=1_cc-session_3c841077-7413-4301-871b-746af160ec5b,https://consent.yahoo.com/v2/collectConsent?sessionId=1_cc-session_3c841077-7413-4301-871b-746af160ec5b,0,consent.yahoo.com,Landslide death toll rises in China's Gansu Province as heavy rains continue,,,2026-08-02T05:17:13Z,,"If you click 'Accept all', we and our partners, including 250 who are part of the IAB Transparency &amp; Consent Framework, will also store and / or access information on a device (in other words, us… [+1046 chars]",,en,Landslide China,Landslide,wmo,China,EAS,Asia
https://biztoc.com/x/91b2927b22ab6167,https://biztoc.com/x/91b2927b22ab6167,0,biztoc.com,How Australia combines modern tech and Indigenous knowledge to fight wildfires,"The wildfires currently ravaging Europe feel close to home for Professor Marta Yebra, despite being on the other side of the world.
Originally from Spain, the Canberra-based bushfire expert has spent years developing ways for Australia - home to some of the m…",https://biztoc.com/cdn/91b2927b22ab6167_s.webp,2026-08-02T05:49:35Z,,"The wildfires currently ravaging Europe feel close to home for Professor Marta Yebra, despite being on the other side of the world.Originally from Spain, the Canberra-based bushfire expert has spent … [+142 chars]",,en,Wildfire Australia,Wildfire,wmo,Australia,CAU,Oceania
https://www.irishtimes.com/opinion/2026/08/01/yvonne-buckley-400000-years-of-practice-does-not-mean-that-we-have-learned-how-to-manage-fire/,https://www.irishtimes.com/opinion/2026/08/01/yvonne-buckley-400000-years-of-practice-does-not-mean-that-we-have-learned-how-to-manage-fire/,0,www.irishtimes.com,"Yvonne Buckley: 400,000 years of practice does not mean that we have learned how to manage fire","While wildfires occur naturally in forests, grasslands and shrub lands, human actions are boosting all three components of the ‘fire triangle’",https://www.irishtimes.com/resizer/v2/FQZLTI7RV777GZCNAIGYLWI5RQ.jpg?smart=true&auth=51593f2d87ccd67bc5e606832bd7443e11254994b83299006a81382fe6119e16&width=1200&height=630,2026-08-02T06:05:00Z,,"2026 is shaping up to be an exceptional year for unplanned wildfires, with hundreds of thousands of hectares burned. According to the European Forest Fires Information Service, 2025 was the worst yea… [+6625 chars]",,en,wildfire,Wildfire,random,,,
https://www.aljazeera.com/news/2026/8/2/firefighting-helicopters-collide-near-athens-as-greece-battles-wildfires,https://www.aljazeera.com/news/2026/8/2/firefighting-helicopters-collide-near-athens-as-greece-battles-wildfires,0,www.aljazeera.com,Firefighting helicopters collide near Athens as Greece battles wildfires,"Europe struggles with record-breaking summer heat as wildfires ravage Greece, France and Spain causing mass evacuations.",https://www.aljazeera.com/wp-content/uploads/2026/08/afp_6a6f484dd760-1785677901.jpg?resize=1920%2C1440,2026-08-02T14:15:34Z,,"A search-and-rescue operation for four pilots is underway in Greece after a mid-air collision between two firefighting helicopters.
Television video showed one of the helicopters explode and plunge … [+3722 chars]",,en,Wildfire Greece,Wildfire,effis,Greece,MED,Europe
https://slashdot.org/firehose.pl?op=view&amp;id=184814492,https://slashdot.org/firehose.pl?op=view&amp;id=184814492,0,slashdot.org,Two helicopters collide while fighting Greece wildfires - BBC,"Two helicopters collide while fighting Greece wildfiresBBC Western Europe’s wildfire crisis retreats as Greece evacuates hundreds near AthensThe Guardian Greece battles wildfires, Hungary shuts nuclear power plant due to droughtNBC News Wildfire danger in Eur…",,2026-08-02T14:52:18Z,,"IN MY OPINION anyone interested in improving himself should not rule out
becoming pure energy.
-- Jack Handley, The New Mexican, 1988.",,en,Wildfire Hungary,Wildfire,effis,Hungary,WCE,Europe
https://slashdot.org/firehose.pl?op=view&amp;id=184814746,https://slashdot.org/firehose.pl?op=view&amp;id=184814746,0,slashdot.org,"Two helicopters collide as Greece battles wildfires, Hungary shuts nuclear plant - Reuters","Two helicopters collide as Greece battles wildfires, Hungary shuts nuclear plantReuters Search and rescue operation under way after two firefighting helicopters collide in Greece - follow liveBBC Western Europe’s wildfire crisis retreats as Greece evacuates h…",,2026-08-02T15:12:36Z,,The Fine Print: The following comments are owned by whoever posted them. We are not responsible for them in any way.,,en,Wildfire Hungary,Wildfire,effis,Hungary,WCE,Europe
https://www.aljazeera.com/video/newsfeed/2026/8/2/deadly-floods-and-landslide-hit-indias-kerala,https://www.aljazeera.com/video/newsfeed/2026/8/2/deadly-floods-and-landslide-hit-indias-kerala,0,www.aljazeera.com,Deadly floods and landslide hit India’s Kerala,At least two people have been killed and eight injured after torrential rain triggered flooding,https://www.aljazeera.com/wp-content/uploads/2026/08/image-1785689690.jpg?resize=1920%2C1080&quality=80,2026-08-02T16:55:39Z,,"NewsFeed
At least two people have been killed and eight injured after torrential rain triggered flooding and a landslide in Indias Kerala state. More than 500 people have been rescued, as weather of… [+34 chars]",,en,landslide,Landslide,random,,,
https://www.foxnews.com/world/least-72-dead-mass-migrant-rush-storm-spanish-enclave-ceuta-sparking-border-crisis,https://www.foxnews.com/world/least-72-dead-mass-migrant-rush-storm-spanish-enclave-ceuta-sparking-border-crisis,0,www.foxnews.com,At least 72 dead amid mass migrant rush to storm Spanish enclave of Ceuta sparking border crisis,At least 72 migrants are dead as Spain searches for more victims and a deadly border crossing sparks renewed political tensions across Europe.,https://static.foxnews.com/foxnews.com/content/uploads/2026/08/migrants-ceuta-spain-morocco-return.jpg,2026-08-02T17:01:11Z,,"At least 72 migrants are dead after a chaotic rush to storm the Spanish enclave of Ceuta, turning one of Europe's latest border crises into a humanitarian disaster that is reigniting debate over immi… [+3135 chars]",,en,storm,Storm,random,,,
https://www.abc.net.au/news/2026-08-03/europe-fires-heatwave-firefighting-collide/106988510,https://www.abc.net.au/news/2026-08-03/europe-fires-heatwave-firefighting-collide/106988510,0,www.abc.net.au,Two firefighting helicopters collide midair fighting blazes in Greece,"Two firefighters are dead after a collision between two helicopters near Athens, as Europe's wildfire emergency continues.",https://live-production.wcms.abc-cdn.net.au/dce194e00442e0613132d5316c18cd5e?impolicy=wcms_watermark_news&cropH=1953&cropW=3473&xPos=800&yPos=517&width=862&height=485&imformat=generic,2026-08-02T18:55:36Z,,"Two Greek firefighting helicopters have collided in midair while battling a wind-driven wildfire west of Athens, with footage showing one aircraft crashing to the ground.
Local fire officials said t… [+5740 chars]",,en,wildfire,Wildfire,random,,,
https://freerepublic.com/focus/f-bloggers/4390385/posts,https://freerepublic.com/focus/f-bloggers/4390385/posts,0,freerepublic.com,"News Summary-Intelligence Report Sunday 8/2/2026*Israel Attacks Kill Dozens Gaza*MAGA Senator Calls On MAGA Congressman To Resign*Russian Tanker Stopped By NATO Off Italy*Spokane, Washington Wildfires*Deadly Moscow Bomb Blast...*Trump Talking Iran Talks*","Russian authorities say a child died in a Ukrainian drone attack... A tanker reporting an explosion near it while sailing in Strait of Hormuz waters... ""within the context of psychological operations and a war of calculations"" Iran's acting defense minister M…",,2026-08-03T05:50:40Z,,"Skip to comments.
News Summary-Intelligence Report Sunday 8/2/2026*Israel Attacks Kill Dozens Gaza*MAGA Senator Calls On MAGA Congressman To Resign*Russian Tanker Stopped By NATO Off Italy*Spokane, … [+2505 chars]",,en,Rain Italy,Precipitation,wmo,Italy,MED,Europe
https://www.lifesciencesworld.com/what-countries-are-best-to-see-sloths/,https://www.lifesciencesworld.com/what-countries-are-best-to-see-sloths/,0,www.lifesciencesworld.com,What countries are best to see sloths?,"What Countries Are Best to See Sloths? The absolute best countries to see sloths in their natural habitat are Costa Rica and Panama, thanks to their thriving rainforest ecosystems, protected areas, and dedicated conservation efforts. These countries offer exc…",,2026-08-03T06:08:29Z,,"The absolute best countries to see sloths in their natural habitat are Costa Rica and Panama, thanks to their thriving rainforest ecosystems, protected areas, and dedicated conservation efforts. Thes… [+10609 chars]",,en,Rain Costa Rica,Precipitation,wmo,Costa Rica,SCA,North-America
https://www.dailymail.com/news/article-16024183/European-heatwave-forces-Hungary-shut-nuclear-plant-River-Danube-dries-Greece-continues-battle-huge-wildfires.html,https://www.dailymail.com/news/article-16024183/European-heatwave-forces-Hungary-shut-nuclear-plant-River-Danube-dries-Greece-continues-battle-huge-wildfires.html,0,www.dailymail.com,European heatwave forces Hungary to shut its nuclear plant as River Danube dries up while Greece continues to battle huge wildfires,"Hungary is facing a critical week, as the drying of the River Danube is forcing the country to shut its sole nuclear power plant amid a heatwave that has brought Europe to its knees.",https://i.dailymail.com/1s/2026/08/03/07/110404811-0-image-a-8_1785739993736.jpg,2026-08-03T07:02:10Z,,"Amid a heatwave that has brought Europe to its knees, Hungary has been forced to shutter its only nuclear power plant as the River Danube reaches worryingly low levels. 
Yesterday evening, Hungary's… [+8698 chars]",,en,Heat Wave Hungary,Heat Wave,wmo,Hungary,WCE,Europe
https://www.aljazeera.com/features/2026/8/3/new-summers-how-heatwaves-and-wildfires-change-life-across,https://www.aljazeera.com/features/2026/8/3/new-summers-how-heatwaves-and-wildfires-change-life-across,0,www.aljazeera.com,Dangerous summers: How heatwaves and wildfires change life across Europe,"Climate change makes Europe's summers hotter, intensifying fires and droughts while threatening lives and economies.",https://www.aljazeera.com/wp-content/uploads/2026/08/2026-07-28T182032Z_1382079259_RC24NMA562JA_RTRMADP_3_EUROPE-WEATHER-SPAIN-WILDFIRE-1785706616.jpg?resize=1920%2C1440,2026-08-03T09:13:59Z,,"Europes summers are transforming. What were once considered exceptionally high temperatures, such as the near 40 degrees Celsius (104 degrees Fahrenheit) being experienced in Prague, are becoming the… [+7479 chars]",,en,drought,Drought,random,,,
https://freerepublic.com/focus/f-chat/4390402/posts,https://freerepublic.com/focus/f-chat/4390402/posts,0,freerepublic.com,Terrifying Video Shows Firefighting Helicopters Collide in Greece as Wildfires Devour Europe [WATCH],"A terrifying scene unfolded over Greece on Sunday as two firefighting helicopters collided in midair while crews battled a fierce wildfire west of Athens. The frightening crash was captured on video obtained by Kefalonia Press, showing the kind of split secon…",,2026-08-03T12:25:35Z,,"Skip to comments.
Terrifying Video Shows Firefighting Helicopters Collide in Greece as Wildfires Devour Europe [WATCH]
Lifezette ^
 | August 03, 2026
 | David Schultz
Posted on 08/03/2026 5:25:3… [+4075 chars]",,en,wildfire,Wildfire,random,,,
https://www.aljazeera.com/video/newsfeed/2026/8/3/08-03-2026-india-landslide-clip,https://www.aljazeera.com/video/newsfeed/2026/8/3/08-03-2026-india-landslide-clip,0,www.aljazeera.com,People flee as rain triggers landslide in India’s Kerala,"Heavy rain triggered a landslide in India's Kerala state, sending part of a hillside crashing onto a highway as people f",https://www.aljazeera.com/wp-content/uploads/2026/08/image-1785763344.jpg?resize=1200%2C675,2026-08-03T13:25:05Z,,"NewsFeed
Heavy rain has triggered a landslide in Indias Kerala state that saw part of a hillside crash onto a highway, sending people running for safety. Authorities had closed the road after warnin… [+86 chars]",,en,landslide,Landslide,random,,,
https://nypost.com/2026/08/03/world-news/russia-says-4-killed-at-holiday-resort-including-a-child-in-ukrainian-drone-attack/,https://nypost.com/2026/08/03/world-news/russia-says-4-killed-at-holiday-resort-including-a-child-in-ukrainian-drone-attack/,0,nypost.com,Russia says 4 killed at popular holiday resort — including a child — in Ukrainian drone attack,"Russia said on Monday ‌that six people, including three children, had been killed and about 40 injured at its Black Sea holiday resort of Gelendzhik in what it said was a deliberate Ukrainian drone attack on civilians.",https://nypost.com/wp-content/uploads/sites/2/2026/08/136354334.jpg?quality=75&strip=all&w=1200,2026-08-03T14:21:17Z,,"MOSCOW – Russia said on Monday that six people, including three children, had been killed and about 40 injured at its Black Sea holiday resort of Gelendzhik in what it said was a deliberate Ukrainian… [+2394 chars]",,en,Rain Russia,Precipitation,wmo,Russia,ESB,Europe
https://www.kpbs.org/news/environment/2026/08/03/fierce-floods-or-wild-waves-how-san-diego-is-preparing-for-a-winter-of-extreme-weather-under-el-nino,https://www.kpbs.org/news/environment/2026/08/03/fierce-floods-or-wild-waves-how-san-diego-is-preparing-for-a-winter-of-extreme-weather-under-el-nino,0,www.kpbs.org,Fierce floods or wild waves? How San Diego is preparing for a winter of extreme weather under El Niño.,"As a “super El Niño” season gains steam, San Diego contends with aging stormwater systems and century-old dams.",https://cdn.kpbs.org/dims4/default/b5ad73c/2147483647/strip/true/crop/2000x1050+0+142/resize/1200x630!/quality/90/?url=http%3A%2F%2Fkpbs-brightspot.s3.us-west-2.amazonaws.com%2Fbc%2F88%2Fcf55435245ad95eb56eab8e3c4b7%2F020224-flood-san-diego-ah-cm-16.webp,2026-08-03T19:40:17Z,,"This story was originally published by CalMatters. Sign up for their newsletters.
When the super El Niño arrives this winter, San Diego could be in for raging floods that gush through canyons and hi… [+8333 chars]",,en,storm,Storm,random,,,
https://www.salon.com/2026/08/03/spokane-wildfires-are-a-warning-to-the-rest-of-the-world/,https://www.salon.com/2026/08/03/spokane-wildfires-are-a-warning-to-the-rest-of-the-world/,0,www.salon.com,Spokane wildfires are a warning to the rest of the world,"From the West Cost to Europe, climate change is making wildfires worse",https://www.salon.com/app/uploads/2026/08/spokane-wildfire-GettyImages-2288084287.jpg,2026-08-03T23:57:04Z,,If you need any proof that climate change is not some far off problem for future generations its our disastrous present look no further than the unfolding wildfire crisis gripping the globe. In Spoka… [+1987 chars],,en,wildfire,Wildfire,random,,,
https://www.nationalgeographic.com/animals/article/french-wildfires-animals,https://www.nationalgeographic.com/animals/article/french-wildfires-animals,0,www.nationalgeographic.com,French wildfires are turning animals’ homes into ‘a desert of ashes’,"The catastrophic fires have potential to do long-term damage to many wild animal populations, but a toad species could be the most affected.",https://i.natgeofe.com/n/5097d69c-6095-471e-b6d0-47137be524cb/AP26206393940693_16x9.jpg?w=1200,2026-08-04T00:00:00Z,,One rare toad population has likely been hard hit by the wildfires. The Western spadefoot toad (Pelobates cultripes)listed as vulnerable on the IUCN Red Listis a slow-moving nocturnal animal found in… [+1602 chars],,en,wildfire,Wildfire,random,,,
https://www.rte.ie/news/dublin/2026/0804/1586359-glencullen-gorse-fire/,https://www.rte.ie/news/dublin/2026/0804/1586359-glencullen-gorse-fire/,0,www.rte.ie,Over 25 firefighters battle blaze in Dublin mountains,A District Officer with Dublin Fire Brigade has said a large wildfire in the Dublin Mountains yesterday has died down considerably and is being monitored closely.,https://www.rte.ie/images/0024cb1c-1600.jpg,2026-08-04T07:23:41Z,,"A district officer with Dublin Fire Brigade has said a large wildfire in the Dublin Mountains yesterday has died down considerably and is being monitored closely.
More than 25 firefighters and other… [+1656 chars]",,en,wildfire,Wildfire,random,,,
https://www.thejournal.ie/wildfire-at-glencullen-in-dublin-mountains-has-reduced-considerably-7120651-Aug2026/,https://www.thejournal.ie/wildfire-at-glencullen-in-dublin-mountains-has-reduced-considerably-7120651-Aug2026/,0,www.thejournal.ie,Wildfire at Glencullen in Dublin Mountains has reduced 'considerably',Firefighters from Rathfarnham and Dún Laoghaire had tackled the gorse wildfire on the Dublin mountains.,https://img2.thejournal.ie/article/7120651/river/?height=400&version=7120665,2026-08-04T07:36:02Z,,"A WILDFIRE IN the Dublin mountains south of the city outskirts has died down considerably after reigiting yesterday.
The blaze at Glencullen reignited and units from Dublin Fire Brigade were on the … [+2003 chars]",,en,wildfire,Wildfire,random,,,
https://www.rte.ie/news/world/2026/0804/1586363-wildfires-europe/,https://www.rte.ie/news/world/2026/0804/1586363-wildfires-europe/,0,www.rte.ie,Firefighters hope to contain blaze on outskirts of Athens,"Firefighters in Greece are hoping to contain a wildfire on the outskirts of Athens burning for a fifth day, with easing winds enabling the use of vital aircraft.",https://www.rte.ie/images/0024cb22-1600.jpg,2026-08-04T07:45:41Z,,"Firefighters in Greece are hoping to contain a wildfire on the outskirts of Athens burning for a fifth day, with easing winds enabling the use of vital aircraft.
""Today, more than 30 aircraft will b… [+3896 chars]",,en,wildfire,Wildfire,random,,,
https://www.aljazeera.com/news/2026/8/4/us-arrests-suspect-over-spokane-wildfire-as-tens-of-thousands-flee-blaze,https://www.aljazeera.com/news/2026/8/4/us-arrests-suspect-over-spokane-wildfire-as-tens-of-thousands-flee-blaze,0,www.aljazeera.com,US arrests suspect over Spokane wildfire as tens of thousands flee blaze,"Authorities say about 65,000 people have been displaced by the fires in Washington state.",https://www.aljazeera.com/wp-content/uploads/2026/08/afp_6a718e496167-1785826889.jpg?resize=1920%2C1440,2026-08-04T08:32:49Z,,"US authorities have arrested a man on suspicion of arson in connection with the largest of three wildfires burning around the northwestern city of Spokane in Washington state, where tens of thousands… [+2099 chars]",,en,wildfire,Wildfire,random,,,
https://www.thelocal.de/20260804/where-extreme-weather-is-expected-in-germany-this-week,https://www.thelocal.de/20260804/where-extreme-weather-is-expected-in-germany-this-week,0,www.thelocal.de,Where extreme weather is expected in Germany this week,"Large parts of Germany were still in the grips of a heatwave on Tuesday, with high temperatures of up to 38C as well as severe storms scattered in the northeast and later in the southwest.",https://assets.thelocal.com/cdn-cgi/rs:fit:1200/quality:75/plain/https://apiwp.thelocal.com/wp-content/uploads/2026/08/watermarks-logo-AFP__20260728__C3DV9WH__v4__MidRes__EuropeSweltersAsTemperatureRecordsTumble.jpg@webp,2026-08-04T08:59:32Z,,"Large parts of Germany were still in the grips of a heatwave on Tuesday, with high temperatures of up to 38C as well as severe storms scattered in the northeast and later in the southwest.
 Germany … [+3629 chars]",,en,storm,Storm,random,,,
https://www.cnn.com/2026/08/04/europe/france-wildfires-wwii-shells-intl,https://www.cnn.com/2026/08/04/europe/france-wildfires-wwii-shells-intl,0,www.cnn.com,Wildfires reveal more than 400 WWII shells in village at center of France’s heatwave crisis,"Hundreds of World War II shells and munitions have been discovered in the French village of Le Porge, as residents return to the ravaged community in the wake of last month’s blazes, according to local authorities.","https://media.cnn.com/api/v1/images/stellar/prod/gettyimages-2288106642.jpg?c=16x9&q=w_800,c_fill",2026-08-04T10:37:32Z,,"Hundreds of World War II shells and munitions have been discovered in the French village of Le Porge, as residents return to the ravaged community in the wake of last months blazes, according to loca… [+3396 chars]",,en,Wildfire France,Wildfire,cmeter,France,WCE,Europe
https://www.nakedcapitalism.com/2026/08/links-8-4-2026.html,https://www.nakedcapitalism.com/2026/08/links-8-4-2026.html,0,www.nakedcapitalism.com,Links 8/4/2026,"Our studious daily links: medieval food beliefs, dead bumblebees, Trump approval falls, weak Chinese car market, UK food+ EU fuel shortages risks, Russia closes on Slaviansk/Kramatorsk, US gallium shortage, Jews attack Christian monestary, ICE DNA collection,…",https://www.nakedcapitalism.com/wp-content/uploads/2026/08/Screenshot-2026-08-04-at-2.24.51 AM.png,2026-08-04T10:59:52Z,,"Dear patient readers,
You are getting a big serving of Links with an Iran War section in lieu of an Iran War post.
* * *
Fish Bad, Sugar Good… And Other Medieval Ideas About Food Literary Hub (Mic… [+12066 chars]",,en,Ice Russia,Snow&Ice,wmo,Russia,ESB,Europe
https://www.dailymail.com/news/article-16027361/British-couple-friend-tell-burns-running-Turkish-wildfire.html,https://www.dailymail.com/news/article-16027361/British-couple-friend-tell-burns-running-Turkish-wildfire.html,0,www.dailymail.com,'It was like the gates of hell': British couple and 16-year-old family friend tell how they suffered burns after running into Turkish wildfire in their flip-flops to help firefighters,A British couple and their 16-year-old family friend have told of how they suffered burns after running into a wildfire in Turkey to help firefighters put out the flames.,https://i.dailymail.com/1s/2026/08/04/12/110428849-0-image-m-13_1785843586841.jpg,2026-08-04T11:41:40Z,,"A British couple and their 16-year-old family friend have told of how they suffered burns after running into a wildfire in Turkey to help firefighters put out the flames. 
Cruiserweight boxer George… [+5679 chars]",,en,wildfire,Wildfire,random,,,
https://www.aljazeera.com/news/2026/8/4/typhoon-dolphin-hurtles-towards-japan-tracker-updates-and-what-to-expect,https://www.aljazeera.com/news/2026/8/4/typhoon-dolphin-hurtles-towards-japan-tracker-updates-and-what-to-expect,0,www.aljazeera.com,"Typhoon Dolphin hurtles towards Japan: Tracker, updates and what to expect","The large storm is forecast to cause strong winds and rainfall in parts of Japan, China and Taiwan.",https://www.aljazeera.com/wp-content/uploads/2026/08/reuters_6a7198ac-1785829548.jpg?resize=1200%2C675,2026-08-04T13:26:43Z,,"Typhoon Dolphin is heading westwards across the Pacific Ocean towards Japan, and residents of Okinawa Island have been urged to prepare for severe weather before its expected landfall this week.
Dol… [+6605 chars]",,en,Storm China,Storm,wmo,China,EAS,Asia
https://www.dailymail.com/sciencetech/article-16027657/fungal-storm-arizona-valley-fever-dust.html,https://www.dailymail.com/sciencetech/article-16027657/fungal-storm-arizona-valley-fever-dust.html,0,www.dailymail.com,'Fungal storm' threatens Arizona TODAY as fierce winds whip up disease-carrying dust,A dangerous 'fungal storm' is moving into parts of the US. High winds could potentially send disease-causing fungal spores swirling through the air.,https://i.dailymail.com/1s/2026/08/04/15/110432445-0-image-a-11_1785853552997.jpg,2026-08-04T14:32:16Z,,"A dangerous dust storm is set to sweep across parts of Arizona on Tuesday, potentially sending disease-causing fungal spores swirling through the air.
The National Weather Service (NWS) has issued a… [+4245 chars]",,en,dust storm,Storm,random,,,
https://blog.ucs.org/rachel-cleetus/a-world-ablaze-the-climate-future-we-feared-is-here/,https://blog.ucs.org/rachel-cleetus/a-world-ablaze-the-climate-future-we-feared-is-here/,0,blog.ucs.org,We Can’t Let Greedy Fossil Fuel Companies and Spineless Politicians Burn Down Our Future,"Unusually hot, dry conditions across many parts of the world—including in Algeria, Canada, France, Greece, Morocco, Spain, Tunisia, and the Western United States—have set the stage for the catastrophic wildfire season underway now. Just over this weekend, rap…",https://www.commondreams.org/media-library/image.jpg?id=67568041&width=1200&height=600&coordinates=0%2C416%2C0%2C417,2026-08-04T16:41:24Z,,"Unusually hot, dry conditions across many parts of the worldincluding in Algeria, Canada, France, Greece, Morocco, Spain, Tunisia, and the Western United Stateshave set the stage for the catastrophic… [+8437 chars]",,en,Wildfire Tunisia,Wildfire,effis,Tunisia,MED,Africa
https://www.rt.com/news/643856-eu-wildfire-restoration-costs/,https://www.rt.com/news/643856-eu-wildfire-restoration-costs/,0,www.rt.com,EU faces billions in wildfire costs – FT,"EU wildfire restoration costs have exceeded €3 billion, according to the FT, a bill roughly equal to a single payment to Ukraine Read Full Article at RT.com",https://mf.b37mrtl.ru/files/2026.08/article/6a721a262030276109293b20.jpg,2026-08-04T18:34:10Z,,"Wildfires in the EU have caused more than €3 billion ($3.46 billion) in damages so far this year, exceeding the European Commission’s average annual estimate, the Financial Times has reported.
Almos… [+1610 chars]",,en,wildfire,Wildfire,random,,,
https://www.thejournal.ie/dublin-mountain-wildfires-7121596-Aug2026/,https://www.thejournal.ie/dublin-mountain-wildfires-7121596-Aug2026/,0,www.thejournal.ie,'It's been terrifying': locals say action needed in wake of Dublin mountains wildfires,A local councillor is calling for the establishment of a special taskforce to deal with wildfire response.,https://img2.thejournal.ie/article/7121596/river/?height=400&version=7121657,2026-08-04T19:56:25Z,,"LOCALS IN GLENCULLEN are calling for the establishment of a new taskforce to oversee how wildfires are tackled as they have been left terrified by ongoing blazes close to peoples homes. 
A local cou… [+3298 chars]",,en,wildfire,Wildfire,random,,,
https://www.aljazeera.com/video/inside-story/2026/8/4/how-much-of-a-challenge-are-wildfires-to-europe,https://www.aljazeera.com/video/inside-story/2026/8/4/how-much-of-a-challenge-are-wildfires-to-europe,0,www.aljazeera.com,How much of a challenge are wildfires to Europe?,Rapidly spreading blazes are scorching the continent.,https://www.aljazeera.com/wp-content/uploads/2026/08/image-1785866999.jpg?resize=1920%2C1080&quality=80,2026-08-04T20:34:38Z,,"Europe is still burning.
From Spain to France, and from Italy to Greece, wildfires are destroying everything in their path.
Crews work around the clock to contain them, but the fight is far from ov… [+698 chars]",,en,wildfire,Wildfire,random,,,
https://skepticalscience.com/europe-bad-wildfire-year.html,https://skepticalscience.com/europe-bad-wildfire-year.html,0,skepticalscience.com,Is Europe having a bad wildfire year?,"This is a re-post from By the Numbers by Hannah Ritchie
Over the last week, this chart of wildfire burn in Europe has been doing the rounds on social media and traditional media outlets. Carbon Brief goes through some of this coverage here.
The underlying nar…",https://skepticalscience.com/public/assets/images/og/button_sks_200.jpg,2026-08-04T20:37:33Z,,"Is Europe having a bad wildfire year?
Posted on 4 August 2026 by Guest Author
This is a re-post from By the Numbers by Hannah Ritchie
Over the last week, this chart of wildfire burn in Europe has … [+5302 chars]",,en,wildfire,Wildfire,random,,,
https://fortune.com/2026/08/04/europes-long-hot-summer-leads-to-thousands-evacuated-and-fire-operators-dead/,https://fortune.com/2026/08/04/europes-long-hot-summer-leads-to-thousands-evacuated-and-fire-operators-dead/,0,fortune.com,"Europe’s long, hot summer leads to thousands evacuated and fire operators dead","France, Greece and the United Kingdom have faced severe heat and dry weather—leading to emergency fire operations and drought conditions.","https://fortune.com/img-assets/wp-content/uploads/2026/08/GettyImages-2288162170-e1785873779376.jpg?resize=1200,600",2026-08-04T21:29:02Z,,"A record-breaking hot and dry summer tightened its grip on Europe on Monday, as water-dropping planes swooped over a major wildfire in Greece, firefighters in France sought to stabilize a blaze in Pr… [+4292 chars]",,en,Drought United Kingdom,Drought,edo,United Kingdom,NEU,Europe
https://www.foxnews.com/travel/cruises-thrown-chaos-drought-strands-ships-leaves-passengers-scrambling,https://www.foxnews.com/travel/cruises-thrown-chaos-drought-strands-ships-leaves-passengers-scrambling,0,www.foxnews.com,"Cruises thrown into chaos as drought strands ships, leaves passengers scrambling",The cruise ship vacations of many passengers have been heavily disrupted by record-low water levels on the Danube and Rhine rivers. Some ships have been stranded.,https://static.foxnews.com/foxnews.com/content/uploads/2026/08/CRUISE-DANUBE-RHINE-DROUGH-EUROPE-WATER-DRYING-UP-TRAVEL-3.jpg,2026-08-04T23:58:16Z,,"Cruise passengers in certain locations have had their vacations disrupted due to record-low water levels on high-traffic rivers in Europe stranding vessels and switching up itineraries.
The continen… [+3644 chars]",,en,drought,Drought,random,,,
https://www.abc.net.au/news/2026-08-05/pay-war-on-ice-as-australia-s-netball-stars-sign-truce/107000840,https://www.abc.net.au/news/2026-08-05/pay-war-on-ice-as-australia-s-netball-stars-sign-truce/107000840,0,www.abc.net.au,Pay war on ice as Australia's netball stars sign truce,"Australia's Super Netball players will receive better pay and more time off under a new 12-month deal, but they eventually want a revenue-sharing model.",https://live-production.wcms.abc-cdn.net.au/03fd28b7f2196e95b057648315c9f9fd?impolicy=wcms_watermark_news&cropH=2813&cropW=5000&xPos=0&yPos=0&width=862&height=485&imformat=generic,2026-08-05T06:46:34Z,,"A pay war has been averted for now after Australia's Super Netball players agreed to an updated collective player agreement for 2027.
Under the new collective player agreement (CPA), Super Netball p… [+3482 chars]",,en,Ice Australia,Snow&Ice,wmo,Australia,CAU,Oceania
https://www.prnewswire.com/news-releases/50-000-matching-gift-doubles-impact-of-northwestern-ontario-wildfire-community-support-fund-as-donations-surpass-300-000--302843021.html,https://www.prnewswire.com/news-releases/50-000-matching-gift-doubles-impact-of-northwestern-ontario-wildfire-community-support-fund-as-donations-surpass-300-000--302843021.html,0,www.prnewswire.com,"$50,000 Matching Gift Doubles Impact of Northwestern Ontario Wildfire Community Support Fund as Donations Surpass $300,000","THUNDER BAY, ON, Aug. 5, 2026 /PRNewswire/ -- The Northwestern Ontario Wildfire Community Support Fund has received a significant boost thanks to a $50,000 matching gift from the Azrieli Foundation to the United Way of Thunder Bay, helping donors double their…",https://mmx.prnewswire.com/media/MS1964079/Fund-900x500.jpg?id=OA2825037&p=facebook,2026-08-05T10:10:00Z,,"THUNDER BAY, ON, Aug. 5, 2026 /PRNewswire/ -- The Northwestern Ontario Wildfire Community Support Fund has received a significant boost thanks to a $50,000 matching gift from the Azrieli Foundation t… [+3488 chars]",,en,wildfire,Wildfire,random,,,
https://www.rte.ie/news/world/2026/0805/1586624-european-heatwave/,https://www.rte.ie/news/world/2026/0805/1586624-european-heatwave/,0,www.rte.ie,"Wildfires, low levels on rivers as Europe feels the heat","Albanian emergency services battled a wildfire in the south of the country, while Hungarians cut power consumption as the latest heatwave and drought took their toll on southern and eastern Europe.",https://www.rte.ie/images/0024cd9a-1600.jpg,2026-08-05T14:57:39Z,,"Albanian emergency services battled a wildfire in the south of the country, while Hungarians cut power consumption as the latest heatwave and drought took their toll on southern and eastern Europe.
… [+4268 chars]",,en,Heat Wave Albania,Heat Wave,meteo,Albania,MED,Europe
https://economictimes.indiatimes.com/news/international/global-trends/austria-hits-record-temperature-hungary-curbs-power-use-as-europe-feels-the-heat/articleshow/132946119.cms,https://economictimes.indiatimes.com/news/international/global-trends/austria-hits-record-temperature-hungary-curbs-power-use-as-europe-feels-the-heat/articleshow/132946119.cms,0,economictimes.indiatimes.com,"Austria hits record temperature, Hungary curbs power use as Europe feels the heat","Austria recorded its highest temperature ever as a severe heatwave grips Europe. Hungarians reduced power use to ease grid pressure amid a significant drought. Italy issued red heat alerts for major cities, with temperatures nearing forty degrees Celsius. Wil…","https://img.etimg.com/thumb/msid-132946253,width-1200,height-630,imgsize-221454,overlay-economictimes/articleshow.jpg",2026-08-05T15:38:22Z,,"BUDAPEST/MALLAKASTER: The temperature in Austria climbed to a record high on Wednesday, while Hungarians curbed power use as the latest heatwave and drought took their toll on central and southern Eu… [+3306 chars]",,en,High Temperature Hungary,Heat Wave,meteo,Hungary,WCE,Europe
https://www.nzherald.co.nz/rotorua-daily-post/news/bay-of-plenty-temperatures-rotorua-hits-34c-as-power-supply-tightens/ALIDUNWIY5HHHKIGH7HRSVHGZ4/,https://www.nzherald.co.nz/rotorua-daily-post/news/bay-of-plenty-temperatures-rotorua-hits-34c-as-power-supply-tightens/ALIDUNWIY5HHHKIGH7HRSVHGZ4/,0,www.nzherald.co.nz,Bay of Plenty temperatures: Rotorua hits -3.4C as power supply tightens,Clear skies and Antarctic air created ideal conditions for severe frosts.,https://www.nzherald.co.nz/resizer/v2/QSX3LKNISVGJLMVHEYEXMSELOA.jpg?auth=b9a8409165e4e8695e9dcfe0973b686ec326741ca4ca3e83161d4564b6aeea60&width=1200&height=675&quality=70&smart=true,2026-08-05T21:15:36Z,,"Those clear skies just mean that theres no blanket to trap any of the heat, so its all just escaping out to the atmosphere, she said.
The coldest temperature in the country this morning was -9.7C at… [+2038 chars]",,en,frost,Snow&Ice,random,,,
https://worldsoccertalk.com/news/gianni-infantino-accused-of-leveraging-2030-world-cup-final-in-election-battle-as-fifa-and-spain-issue-statement/,https://worldsoccertalk.com/news/gianni-infantino-accused-of-leveraging-2030-world-cup-final-in-election-battle-as-fifa-and-spain-issue-statement/,0,worldsoccertalk.com,Gianni Infantino accused of leveraging 2030 World Cup final in election battle as FIFA and Spain respond,"Accusations linking the sacred hosting rights of the 2030 World Cup final to his bid for re-election have ignited a fierce global backlash. 
A relentless storm of controversy is battering FIFA President Gianni Infantino as explosive new allegations threaten t…",https://media.worldsoccertalk.com/wp-content/uploads/sites/6/2026/06/05123933/infantino-1-1200x740.webp,2026-08-05T21:56:06Z,,A relentless storm of controversy is battering FIFA President Gianni Infantino as explosive new allegations threaten to shake the very foundations of the beautiful game. Accusations linking the sacre… [+3881 chars],,en,Storm Spain,Storm,wmo,Spain,MED,Europe
https://www.abc.net.au/news/2026-08-06/europe-heatwave-wildfires-drought-shifts-eastward/107002314,https://www.abc.net.au/news/2026-08-06/europe-heatwave-wildfires-drought-shifts-eastward/107002314,0,www.abc.net.au,"Austria hits record temps, wildfires in Greece, Albania as Europe feels heat","The world's fastest-warming continent is being ravaged by record-breaking heat, wildfires and drought this summer, as well as power and water shortages.",https://live-production.wcms.abc-cdn.net.au/8fd8eb90b6420e9078d26129e7e4efaa?impolicy=wcms_watermark_news&cropH=2813&cropW=5000&xPos=0&yPos=315&width=862&height=485&imformat=generic,2026-08-05T21:56:45Z,,"The temperature in Austria reached a record high on Wednesday, while Hungarians were asked to curb their power use as the latest heatwave and drought took their toll on central and southern Europe.
… [+4434 chars]",,en,Wild Fire Albania,Wildfire,effis,Albania,MED,Europe
https://www.rte.ie/news/world/2026/0806/1586755-balkans-wildfires/,https://www.rte.ie/news/world/2026/0806/1586755-balkans-wildfires/,0,www.rte.ie,Fire crews battle wildfires as Balkan heatwave peaks,Firefighters are battling wildfires across the Balkans as a sweltering heatwave is expected to peak with temperatures climbing to 40C in some areas.,https://www.rte.ie/images/0022ccf6-1600.jpg,2026-08-06T10:50:26Z,,"Firefighters are battling wildfires across the Balkans as a sweltering heatwave is expected to peak with temperatures climbing to 40C in some areas.
Days of high temperatures and drought conditions … [+1547 chars]",,en,wildfire,Wildfire,random,,,
https://www.nakedcapitalism.com/2026/08/links-8-6-2026.html,https://www.nakedcapitalism.com/2026/08/links-8-6-2026.html,0,www.nakedcapitalism.com,Links 8/6/2026,"Our daily links, including yen intervention oddities, wildfire prediction markets, guillotines out over data centers, rogue AI psyops, and Russian gloves off.",https://www.nakedcapitalism.com/wp-content/uploads/2026/08/HNVkFMVWwAAAkY6-1024x683.jpeg,2026-08-06T10:55:48Z,,"Rome vs. Japan: Two Civilizations, Two Philosophies of Architectural Permanence Common Edge
The Secrets of Ranch Dressing, America’s Sauce Pax Culinaria
Doctor warns against cyclospora skinny trend… [+7736 chars]",,en,Wildfire Russia,Wildfire,wmo,Russia,ESB,Europe
https://abcnews.com/International/wireStory/europe-heat-wave-puts-major-italian-cities-red-135416753,https://abcnews.com/International/wireStory/europe-heat-wave-puts-major-italian-cities-red-135416753,0,abcnews.com,Europe heat wave puts major Italian cities on red alert as Austria sets heat record,Italy has placed all major cities under the highest heat alert as Europe faces a severe heat wave,https://i.abcnewsfe.com/a/e437b4ba-680b-4e44-a429-78144f609e96/wirestory_57b6b4c67fd40b24fe578e71edaa519b_16x9.jpg?w=1600,2026-08-06T11:36:28Z,,"ROME -- Italy placed all of its major cities under the highest heat alert Thursday as a blistering heat wave gripped Europe, setting a national temperature record in Austria, fueling wildfires in Fra… [+5582 chars]",,en,Heat Wave Austria,Heat Wave,wmo,Austria,WCE,Europe
https://economictimes.indiatimes.com/news/international/world-news/europe-swelters-as-heat-wave-grips-continent-italy-issues-nationwide-red-alert/articleshow/133001940.cms,https://economictimes.indiatimes.com/news/international/world-news/europe-swelters-as-heat-wave-grips-continent-italy-issues-nationwide-red-alert/articleshow/133001940.cms,0,economictimes.indiatimes.com,"Europe swelters as heat wave grips continent, Italy issues nationwide red alert","Italy issued its highest heat alert across major cities as Europe faced extreme weather. Record temperatures were recorded in Austria, while France battled significant wildfires. Hungary reduced nuclear power output due to low river levels and drought. German…","https://img.etimg.com/thumb/msid-133002001,width-1200,height-630,imgsize-75214,overlay-economictimes/articleshow.jpg",2026-08-06T11:43:09Z,,"Rome: Italy placed all of its major cities under the highest heat alert Thursday as a blistering heat wave gripped Europe, setting a national temperature record in Austria, fueling wildfires in Franc… [+5906 chars]",,en,wildfire,Wildfire,random,,,
https://en.protothema.gr/2026/08/06/wildfires-rage-across-the-balkans-as-40c-heatwave-fuels-dangerous-blaze-conditions/,https://en.protothema.gr/2026/08/06/wildfires-rage-across-the-balkans-as-40c-heatwave-fuels-dangerous-blaze-conditions/,0,en.protothema.gr,Wildfires rage across the Balkans as 40°C heatwave fuels dangerous blaze conditions,"Firefighters battle major fires in Serbia and Albania as extreme heat and drought intensify across the region
The post Wildfires rage across the Balkans as 40°C heatwave fuels dangerous blaze conditions appeared first on ProtoThema English.",https://en.protothema.gr/wp-content/uploads/2026/08/maketa-serbia-1.jpg-1.jpg,2026-08-06T14:14:04Z,,"Firefighters continued battling multiple wildfires across the Balkans on Wednesday as a severe heatwave pushed temperatures toward 40°C (104°F) in several areas, creating dangerous fire conditions.
… [+1656 chars]",,en,wildfire,Wildfire,random,,,
https://www.ibtimes.com.au/southeast-australia-severe-winter-weather-1873672,https://www.ibtimes.com.au/southeast-australia-severe-winter-weather-1873672,0,www.ibtimes.com.au,"(VIDEO) Antarctic Cold Front to Bring Hail, Snow and Damaging Winds to Four Australian States Starting","A powerful low-pressure system is set to bring severe winter weather to southeast Australia, with damaging winds, heavy rain, and snow expected across Victoria, Tasmania, New South Wales, and southern Queensland.",https://d.ibtimes.com.au/en/full/1895559/antarctic-cold-front-bring-hail-snow-damaging-winds.jpg,2026-08-06T14:27:32Z,,"SYDNEY — Millions of Australians across the country's southeast are being warned to brace for a blast of icy weather in the coming days, as a powerful low-pressure system currently sitting near Antar… [+6018 chars]",,en,Hail Australia,Thunderstorm,wmo,Australia,CAU,Oceania
https://www.rt.com/news/643946-new-zealand-snow-skiing/,https://www.rt.com/news/643946-new-zealand-snow-skiing/,0,www.rt.com,"While Europe swelters, New Zealanders ski in city streets (VIDEO)",New Zealanders have taken to city streets on skis and snowboards after a rare Antarctic cold snap blanketed parts of the country Read Full Article at RT.com,https://mf.b37mrtl.ru/files/2026.08/article/6a749b6d203027415549389a.jpg,2026-08-06T15:03:26Z,,"Rare snowfall sent New Zealanders onto city streets with skis and snowboards on Wednesday after an Antarctic cold snap swept across the country, bringing snow, hail, and freezing temperatures. Europe… [+2054 chars]",,en,Snow New Zealand,Snow&Ice,wmo,New Zealand,NZ,Oceania
https://economictimes.indiatimes.com/news/international/us/in-1990-u-s-conservationists-repurposed-thousands-of-discarded-christmas-trees-to-slow-coastal-erosion-thirty-six-years-later-the-unusual-experiment-produced-thriving-wetlands-healthier-wildlife-habitats-and-stronger-natural-defenses-against-storms/articleshow/133001910.cms,https://economictimes.indiatimes.com/news/international/us/in-1990-u-s-conservationists-repurposed-thousands-of-discarded-christmas-trees-to-slow-coastal-erosion-thirty-six-years-later-the-unusual-experiment-produced-thriving-wetlands-healthier-wildlife-habitats-and-stronger-natural-defenses-against-storms/articleshow/133001910.cms,0,economictimes.indiatimes.com,"In 1990, U.S. conservationists repurposed thousands of discarded Christmas trees to slow coastal erosion. Thirty-six years later, the unusual experiment produced thriving wetlands, healthier wildlife habitats, and stronger natural defenses against storms","How Recycled Christmas Trees Are Saving Louisiana’s Coastline: Louisiana has lost over 2,000 square miles of coastline since the 1930s. But one simple experiment is working. Since 1990, thousands of recycled Christmas trees have been dropped into fragile mars…","https://img.etimg.com/thumb/msid-133001910,width-1200,height-630,imgsize-183250,overlay-economictimes/articleshow.jpg",2026-08-06T15:07:39Z,,"How Recycled Christmas Trees Are Saving Louisiana’s Coastline: Every January, millions of Americans pack away holiday decorations and drag their Christmas trees to the curb. In southeast Louisiana, h… [+7287 chars]",,en,storm,Storm,random,,,
https://www.rte.ie/news/europe/2026/0806/1586823-slovakia-heatwave-europe/,https://www.rte.ie/news/europe/2026/0806/1586823-slovakia-heatwave-europe/,0,www.rte.ie,Slovakia hits temperature record for second day running,"Slovakia set an all-time temperature high for the second day running, recording 42.2C in a southern village, the national weather agency said, as a heatwave gripped central Europe.",https://www.rte.ie/images/0024cf12-1600.jpg,2026-08-06T16:12:05Z,,"Slovakia set an all-time temperature high for the second day running, recording 42.2C in a southern village, the national weather agency said, as a heatwave gripped central Europe.
The reading in th… [+2238 chars]",,en,Heat Wave Slovakia,Heat Wave,wmo,Slovakia,WCE,Europe
https://www.wowhead.com/blue-tracker/news/us/curse-of-ulatek-content-update-notes-world-of-warcraft-blizzard-news-24293281,https://www.wowhead.com/blue-tracker/news/us/curse-of-ulatek-content-update-notes-world-of-warcraft-blizzard-news-24293281,0,www.wowhead.com,Curse of Ula'tek Content Update Notes — World of Warcraft — Blizzard News,"Continue the Midnight campaign as the Curse of Ula’tek content update opens the way to the Coiled Isle, where venomous foes, cursed waters, and long-buried secrets await. Take on new adventures,...ByBlizzard Entertainment on 2026/08/06 at 12:23 PM",https://wow.zamimg.com/images/logos/share-icon.png,2026-08-06T17:23:01Z,,"Continue the Midnight campaign as the Curse of Ulatek content update opens the way to the Coiled Isle, where venomous foes, cursed waters, and long-buried secrets await. Take on new adventures, inclu… [+131749 chars]",,en,blizzard,Storm,random,,,
https://en.protothema.gr/2026/08/06/analysis-europe-at-a-crossroads-wars-wildfires-migration-why-the-old-continent-seems-unable-to-manage-successive-crises/,https://en.protothema.gr/2026/08/06/analysis-europe-at-a-crossroads-wars-wildfires-migration-why-the-old-continent-seems-unable-to-manage-successive-crises/,0,en.protothema.gr,"Analysis: Europe at a crossroads – Wars, wildfires, migration: Why the old continent seems unable to manage successive crises","A series of overlapping crises is exposing a continent with immense economic weight and institutional power, yet only limited ability to shape the events that will define its future—a reality that is unlikely to change anytime soon
The post Analysis: Europe a…",https://en.protothema.gr/wp-content/uploads/2026/08/france-wildfire-mak-1.jpg-1.jpg,2026-08-06T18:26:51Z,,"Europe’s difficult summeryet another one, to be honestis not simply the result of an unusual convergence of crises. The wars in Ukraine and Iran, devastating wildfires, extreme heat, rising prices, a… [+8930 chars]",,en,wildfire,Wildfire,random,,,
https://www.abc.net.au/news/2026-08-07/antarctic-expeditioner-medical-evacuation-us-mcmurdo-station/107005138,https://www.abc.net.au/news/2026-08-07/antarctic-expeditioner-medical-evacuation-us-mcmurdo-station/107005138,0,www.abc.net.au,Australian team pulls off 'extraordinary' midwinter rescue in Antarctica,"The temperature on the icy continent was a frosty -43 degrees Celsius when an Australian crew evacuated a polar expeditioner after an ""urgent request for assistance"".",https://live-production.wcms.abc-cdn.net.au/9456f2b63523a6b6d6a8f17c83317e69?impolicy=wcms_watermark_news&cropH=900&cropW=1600&xPos=0&yPos=223&width=862&height=485&imformat=generic,2026-08-06T19:35:58Z,,"An Australian team has pulled off a rare and daring midwinter aero-medical evacuation of a United States expeditioner in Antarctica.
Australian aviation company Skytraders said it mobilised its Airb… [+2315 chars]",,en,Frost Australia,Snow&Ice,wmo,Australia,CAU,Oceania
https://www.dw.com/en/how-drought-threatens-electricity-supplies-in-europe/a-78269916,https://www.dw.com/en/how-drought-threatens-electricity-supplies-in-europe/a-78269916,0,www.dw.com,How drought threatens electricity supplies in Europe,"Droughts, heat and falling water levels in the Danube are hitting central and southeastern Europe hard. Hungary and Romania are experiencing an energy crisis — whereas countries like Bulgaria are better prepared.",https://static.dw.com/image/78261688_6.jpg,2026-08-06T19:55:00Z,,"Riverbeds reduced to tiny streams, asphalt melting like butter, dried-up fields these are currently the images of drought in Central and Southeastern Europe. The record-breaking lack of rainfall in r… [+9039 chars]",,en,drought,Drought,random,,,
https://abcnews.com/Health/wireStory/europe-heat-wave-puts-major-italian-cities-red-135416754,https://abcnews.com/Health/wireStory/europe-heat-wave-puts-major-italian-cities-red-135416754,0,abcnews.com,Europe heat wave puts all major Italian cities on red alert as Austria sets heat record,Italy has placed all major cities under the highest heat alert as Europe faces a severe heat wave,https://i.abcnewsfe.com/a/3a24e1a2-5c0c-44af-91d0-2c4f78995117/wirestory_57b6b4c67fd40b24fe578e71edaa519b_16x9.jpg?w=1600,2026-08-07T05:44:27Z,,"ROME -- Italy placed all its major cities under the highest heat alert Thursday as a blistering heat wave gripped Europe, setting a national temperature record in Austria, fueling wildfires in France… [+6561 chars]",,en,Heat Wave Austria,Heat Wave,wmo,Austria,WCE,Europe
https://www.naturalnews.com/2026-08-07-eu-wildfires-cause-damages-ft-reports.html,https://www.naturalnews.com/2026-08-07-eu-wildfires-cause-damages-ft-reports.html,0,www.naturalnews.com,"EU Wildfires Cause â¬3 Billion in Damages, FT Reports","Wildfires in the European Union have caused more than €3 billion ($3.46 billion) in damages so far this year, exceeding the European Commission’s average annual estimate, the Financial Times reported Tuesday. [1] Almost half a million hectares have burned in …",https://www.naturalnews.com/wp-content/uploads/sites/91/2026/08/eu-wildfires-wildfire-damages-restoration-costs-3185-original.jpg,2026-08-07T06:00:00Z,,"Wildfires in the European Union have caused more than 3 billion ($3.46 billion) in damages so far this year, exceeding the European Commission's average annual estimate, the Financial Times reported … [+5272 chars]",,en,wildfire,Wildfire,random,,,
https://www.theatlantic.com/photography/2026/08/photos-week-fuego-volcano-underwater-explosion-pig-diver/688211/,https://www.theatlantic.com/photography/2026/08/photos-week-fuego-volcano-underwater-explosion-pig-diver/688211/,0,www.theatlantic.com,"Photos of the Week: Fuego Volcano, Underwater Explosion, Pig Diver","Scenes from the 2026 Commonwealth Games in Scotland, wildfires in Southern Europe, the European Aquatics Championships in Paris, a mass-wedding ceremony in the Netherlands, and much more",https://cdn.theatlantic.com/thumbor/UXNrUs8r5lUXV6Ndhd64WB829Ck=/0x888:3996x2969/1200x625/media/img/mt/2026/08/a01_RC2BSMADXXVV/original.jpg,2026-08-07T13:00:00Z,,"Antonio Bronić / Reuters
Lara Grbac rides a horse named Perlaz in the water during a heat wave in Supetar, on the island of Brac, Croatia, on August 5, 2026.
Dmitri Lovetsky / AP
A boy floats in t… [+5085 chars]",,en,wildfire,Wildfire,random,,,
https://www.abc.net.au/news/2026-08-08/australian-weather-flooding-rain-ahead-for-southern-states/107009816,https://www.abc.net.au/news/2026-08-08/australian-weather-flooding-rain-ahead-for-southern-states/107009816,0,www.abc.net.au,Flooding rain and gales ahead for southern Australia this weekend,A powerful winter cold front will cause a broad band of rain and strong winds to sweep across southern Australia during the coming days.,https://live-production.wcms.abc-cdn.net.au/f05fb438d979773734dc1a7e71196b96?impolicy=wcms_watermark_news&cropH=1125&cropW=2000&xPos=0&yPos=104&width=862&height=485&imformat=generic,2026-08-07T18:41:01Z,,"A powerful winter cold front will cause a broad band of rain and strong winds to sweep across southern Australia during the coming days.
The soaking, which arrived on the Western Australian west coa… [+4225 chars]",,en,Flooding Australia,Flood,wmo,Australia,CAU,Oceania
https://www.juancole.com/2026/08/floods-future-wont.html,https://www.juancole.com/2026/08/floods-future-wont.html,0,www.juancole.com,The Floods of the Future won’t come One at a Time,"Harvey stalled inland as a tropical storm for two days, dumping at least 40 inches of rain across a gigantic area from Houston to Port Arthur",https://media.juancole.com/images/2026/08/chris-gallagher-4zxp5vlmvnI-unsplash.jpg,2026-08-08T04:04:48Z,,"by Jeff Masters, Yale Climate Connections |
( Yale Climate Connections ) – When a weak 45-mph tropical storm named Harvey moved through the Lesser Antilles Islands in August 2017 and then petered ou… [+16737 chars]",,en,storm,Storm,random,,,
https://www.nzherald.co.nz/business/as-cold-inside-as-it-is-out-freezing-dunedin-flat-gets-an-airtight-makeover/R32DVUKJNNABXHHDEGOZNP6Z5U/,https://www.nzherald.co.nz/business/as-cold-inside-as-it-is-out-freezing-dunedin-flat-gets-an-airtight-makeover/R32DVUKJNNABXHHDEGOZNP6Z5U/,0,www.nzherald.co.nz,As cold inside as it is out: Freezing Dunedin flat gets an airtight makeover,The villa met Healthy Homes Standards but was too hard to keep warm – now it's airtight.,https://www.nzherald.co.nz/resizer/v2/MS7KIRDPKZDD7E7P3XLBIIBKAY.jpg?auth=b316dfacac650ab7b445b00bfa6a5cd6ad55e26048ad23f39dace1e466595dea&width=1200&height=675&quality=70&smart=true,2026-08-09T04:00:00Z,,"It was kind of a waste of power. Like youd put it on and the house would be warm for 10 minutes and then itd be back to normal, Hawkesby says.
At times it got so cold he would spend nights at his gi… [+3011 chars]",,en,freezing,Snow&Ice,random,,,
https://www.hhhistory.com/2026/08/faith-in-tempest-when-storm-comes.html,https://www.hhhistory.com/2026/08/faith-in-tempest-when-storm-comes.html,0,www.hhhistory.com,Faith in the Tempest: When the Storm Comes,"— By Tiffany Amber Stockton If you haven't snagged your FREE e-book copy of Magic of the Swan, join the FanTAStic Reader community  and rece...",https://blogger.googleusercontent.com/img/a/AVvXsEiHqrgC34inIhQLdrZRAfWveWjJFFduqlmD6eZH04IN-RDpLIGlIEVplxE7B3IAyyHoqO1Fv4smfiEQNWRjUkJgGCm-AL33L-IlM1-SsVCOTCFidTR-zuP8pR8eQ6Qq75ZVQb8Zw_2yJ2q_5H_54jz45koWQ3IXwFal4Bq4vAy6CMnPOgw831vn-XQBQVXE=w1200-h630-p-k-no-nu,2026-08-09T07:00:00Z,,"—By Tiffany Amber Stockton
If you haven't snagged your FREE e-book copy of Magic of the Swan, join the FanTAStic Reader community and receive the book today.August always makes me think about storms… [+6189 chars]",,en,storm,Storm,random,,,
https://www.abc.net.au/news/2026-08-10/three-people-rescued-from-flood-waters-as-heavy-rain-barrages-sa/107015594,https://www.abc.net.au/news/2026-08-10/three-people-rescued-from-flood-waters-as-heavy-rain-barrages-sa/107015594,0,www.abc.net.au,Three rescued from flood waters after SA's weekend deluge,"Three people were rescued after attempting to drive through flood waters, following a weekend of heavy rainfall and storms across South Australia.",https://live-production.wcms.abc-cdn.net.au/c83e596aac1e2b28d0a83063881cd6e5?impolicy=wcms_watermark_news&cropH=1152&cropW=2048&xPos=0&yPos=341&width=862&height=485&imformat=generic,2026-08-09T22:40:58Z,,"Three people who drove through flood waters have been rescued, following a weekend of heavy rainfall and storm activity across South Australia. 
Several South Australian towns recorded record breaki… [+1049 chars]",,en,storm Australia,Storm,aidr,Australia,SAU,Oceania
https://www.rte.ie/news/europe/2026/0810/1587198-heat-europe-climate/,https://www.rte.ie/news/europe/2026/0810/1587198-heat-europe-climate/,0,www.rte.ie,Western Europe experienced hottest June-July on record,"Western Europe experienced its hottest June-July on record as climate change fuels an historic summer of heat, drought and wildfires across the region, the EU's global warming monitor said.",https://www.rte.ie/images/0024824a-1600.jpg,2026-08-10T02:38:04Z,,"Western Europe experienced its hottest June-July on record as climate change fuels an historic summer of heat, drought and wildfires across the region, the EU's global warming monitor said.
Europe i… [+4063 chars]",,en,drought,Drought,random,,,
https://www.dw.com/en/copernicus-climate-june-july-temperature-record-western-europe-drought-el-nino/a-78298751,https://www.dw.com/en/copernicus-climate-june-july-temperature-record-western-europe-drought-el-nino/a-78298751,0,www.dw.com,Western Europe records hottest June and July on record,"Drought is gripping large parts of Europe, with soils unusually dry and major rivers running low. A strengthening El Nino could push global temperatures even higher later this year.",https://static.dw.com/image/73207794_6.jpg,2026-08-10T03:49:00Z,,"Western Europe experienced its hottest June and July on record, according to data released Monday by the EU's Copernicus Climate Change Service.
The average temperature across the region for the two… [+5046 chars]",,en,drought,Drought,random,,,
https://www.dailymail.com/news/article-16041231/The-secrets-River-Danube-revealed-drought-woolly-mammoth-Nazi-motorbike-Europes-heatwave-continues.html,https://www.dailymail.com/news/article-16041231/The-secrets-River-Danube-revealed-drought-woolly-mammoth-Nazi-motorbike-Europes-heatwave-continues.html,0,www.dailymail.com,The secrets of the River Danube revealed by drought - from a woolly mammoth to Nazi motorbike - as Europe's heatwave continues,"As Europe braces for yet another heatwave, the relentlessly dry conditions that have left the continent gasping for breath have also revealed many of the secrets once long-held by the River Danube.",https://i.dailymail.com/1s/2026/08/10/11/110536877-0-image-a-42_1786359036710.jpg,2026-08-10T10:52:14Z,,"As Europe braces for yet another heatwave, the relentlessly dry conditions that have left the continent gasping for breath have also revealed many of the secrets once long-held by the River Danube. … [+12307 chars]",,en,drought,Drought,random,,,
https://news.un.org/en/story/2026/08/1168106,https://news.un.org/en/story/2026/08/1168106,0,news.un.org,UN offers support to Colombia after magnitude 7.4 earthquake kills dozens,"The UN offered its support to Colombia on Monday after a magnitude 7.4 earthquake struck the west of the country, killing at least 111 people and injuring at least 87, including several children, while leaving others trapped under the rubble and causing lands…",https://global.unitednations.entermediadb.net/assets/mediadb/services/module/asset/downloads/preset/Collections/Embargoed/2026/08/10-08-2026-Colombia-earthquake-01.jpg/image770x420cropped.jpg,2026-08-10T12:00:00Z,,"UN teams in Colombia are liaising with national authorities and the countrys disaster risk management agency to closely monitor the situation and support the national response.
Speaking in New York,… [+3962 chars]",,en,Earthquake Colombia,Earthquake,usgs,Colombia,NWS,South-America
https://www.globalsecurity.org/military/library/news/2026/08/mil-260810-unnews04.htm,https://www.globalsecurity.org/military/library/news/2026/08/mil-260810-unnews04.htm,0,www.globalsecurity.org,UN offers support to Colombia after magnitude 7.4 earthquake kills dozens,"The UN offered its support to Colombia on Monday after a magnitude 7.4 earthquake struck the west of the country, killing at least 111 people and injuring at least 87, including several children, while leaving others trapped under the rubble and causing lands…",,2026-08-10T12:00:00Z,,"10 August 2026 - The UN offered its support to Colombia on Monday after a magnitude 7.4 earthquake struck the west of the country, killing at least 111 people and injuring at least 87, including seve… [+4242 chars]",,en,Earthquake Colombia,Earthquake,usgs,Colombia,NWS,South-America
https://www.rt.com/russia/644067-russia-rebuffs-french-wildfire-conspiracy/,https://www.rt.com/russia/644067-russia-rebuffs-french-wildfire-conspiracy/,0,www.rt.com,Russia rebuffs French wildfire conspiracy theory,Russia has dismissed claims it could have sparked France’s wildfires as a conspiracy theory Read Full Article at RT.com,https://mf.b37mrtl.ru/files/2026.08/article/6a79c48a85f5403dad1b3be9.jpg,2026-08-10T12:34:04Z,,"A senior Russian diplomat has dismissed speculation that Moscow played any role in the wildfires sweeping France, saying the allegations show their authors “do not respect” their own population.
Las… [+2531 chars]",,en,Wildfire Russia,Wildfire,wmo,Russia,ESB,Europe
https://www.aljazeera.com/news/2026/8/10/one-million-evacuated-as-typhoon-dolphin-pummels-east-china-what-we-know,https://www.aljazeera.com/news/2026/8/10/one-million-evacuated-as-typhoon-dolphin-pummels-east-china-what-we-know,0,www.aljazeera.com,One million evacuated as Typhoon Dolphin pummels east China: What we know,Hundreds of flights have been grounded in China due to weather conditions caused by Dolphin.,https://www.aljazeera.com/wp-content/uploads/2026/08/afp_6a79adf32a54-1786359283.jpg?resize=1920%2C1440,2026-08-10T13:14:34Z,,"Provinces in eastern China have been inundated with heavy rain and flooding caused by Typhoon Dolphin, the strongest storm to make landfall in China this year.
Dolphin struck eastern China, includin… [+8072 chars]",,en,Typhoon Dolphin,Storm,eonet,,NPO,Pacific Ocean
https://www.nbcnews.com/world/latin-america/strong-earthquake-colombia-ecuador-people-evacuating-homes-buildings-rcna591709,https://www.nbcnews.com/world/latin-america/strong-earthquake-colombia-ecuador-people-evacuating-homes-buildings-rcna591709,0,www.nbcnews.com,"Strong earthquake in Colombia and Ecuador as officials report deaths, injuries and collapsed buildings","The USGS reported a 7.4-magnitude, deep earthquake with the epicenter in San José del Palmar, about 250 miles west of the capital, Bogotá.","https://media-cldnry.s-nbcnews.com/image/upload/t_nbcnews-fp-1200-630,f_auto,q_auto:best/rockcms/2026-08/260810-colombia-rs-2b098b.jpg",2026-08-10T13:32:30Z,,"At least 52 people have been killed in the 7.4-magnitude earthquake that shook western Colombia and the region Monday morning, according to officials in the region, who also reported dozens of injuri… [+2605 chars]",,en,Earthquake Colombia,Earthquake,usgs,Colombia,NWS,South-America
https://en.protothema.gr/2026/08/10/new-heatwave-sweeps-europe-as-britain-france-and-spain-face-red-alert/,https://en.protothema.gr/2026/08/10/new-heatwave-sweeps-europe-as-britain-france-and-spain-face-red-alert/,0,en.protothema.gr,"New heatwave sweeps Europe as Britain, France and Spain face red alert","Britain faces highs of 36C by Thursday and France 39C, while Slovakia and Austria have already broken all time temperature records this month, as national forecasters warn of further extreme heat in the days ahead
The post New heatwave sweeps Europe as Britai…",https://en.protothema.gr/wp-content/uploads/2026/08/gallia-kausonas1-1.jpg-1.jpg,2026-08-10T13:41:32Z,,"Europe is facing a new heatwave, coming after the hottest July ever recorded for 12 million Europeans, with the UK, France and Spain set to be hit hardest.
Western Europe has already endured four he… [+3029 chars]",,en,High Temperature Austria,Heat Wave,meteo,Austria,WCE,Europe
https://www.bbc.co.uk/news/articles/c20e360lx0vo,https://www.bbc.co.uk/news/articles/c20e360lx0vo,0,www.bbc.co.uk,Strong earthquake causes significant damage and injuries in Colombia,The magnitude-7.4 quake had its epicentre near a village on the Pacific Coast.,https://ichef.bbci.co.uk/ace/branded_news/1200/cpsprodpb/d94c/live/36b9f980-94c2-11f1-9a90-77b2d426fac3.jpg,2026-08-10T13:54:53Z,,"A powerful earthquake has caused significant damage in Colombia's Pacific coast, officials say.
Nubia Carolina Córdoba, governor Chocó province, said people had been injured but did not specify how … [+739 chars]",,en,Earthquake Colombia,Earthquake,usgs,Colombia,NWS,South-America
https://www.abc.net.au/news/2026-08-11/colombia-earthquake-magnitude-7-4-felt-in-ecuador-aftershocks/107022018,https://www.abc.net.au/news/2026-08-11/colombia-earthquake-magnitude-7-4-felt-in-ecuador-aftershocks/107022018,0,www.abc.net.au,"Colombia hit by 7.4-magnitude earthquake, with injuries and damage reported","The powerful 7.4-magnitude earthquake was also felt in neighbouring Ecuador, with Colombia's president vowing a significant government response.",https://live-production.wcms.abc-cdn.net.au/424afdfaa8aaf1dd70132121f5a6dd68?impolicy=wcms_watermark_news&cropH=2813&cropW=5000&xPos=0&yPos=260&width=862&height=485&imformat=generic,2026-08-10T14:11:02Z,,"A powerful earthquake has shaken western Colombia and neighbouring Ecuador, prompting people to evacuate homes and buildings.
The National Unit for Disaster Risk Management (UNGRD) said the 7.34am q… [+1979 chars]",,en,earthquake,Earthquake,random,,,
https://www.insurancejournal.com/news/international/2026/08/10/880862.htm,https://www.insurancejournal.com/news/international/2026/08/10/880862.htm,0,www.insurancejournal.com,Colombia Suffers Widespread Damage From Magnitude 7.4 Quake,"A major earthquake hit Colombia on Monday morning, burying people under rubble and causing severe destruction to buildings and infrastructure in the Pacific region and the central Andes. The magnitude 7.4 tremor struck at 7:34 a.m. local time near the …",https://www.insurancejournal.com/img/social/opengraph/ij-social-default-1200x630.png,2026-08-10T14:16:05Z,,"A major earthquake hit Colombia on Monday morning, burying people under rubble and causing severe destruction to buildings and infrastructure in the Pacific region and the central Andes.
The magnitu… [+1383 chars]",,en,earthquake,Earthquake,random,,,
https://www.hurriyetdailynews.com/magnitude-7-4-earthquake-strikes-western-colombia-225468,https://www.hurriyetdailynews.com/magnitude-7-4-earthquake-strikes-western-colombia-225468,0,www.hurriyetdailynews.com,Magnitude 7.4 earthquake strikes western Colombia,"A magnitude 7.4 earthquake struck western Colombia on Monday, causing injuries and damage to buildings in the Pacific department of Choco, local authorities said.",https://image.hurimg.com/i/hurriyet/75/200x200/6a79decf466803a6bd63c012.jpg,2026-08-10T14:23:14Z,,"BOGOTA
A magnitude 7.4earthquake struck western Colombia on Monday, causing injuries and damage to buildings in the Pacific department of Choco, local authorities said.
The U.S. Geological Survey l… [+674 chars]",,en,earthquake,Earthquake,random,,,
https://freerepublic.com/focus/f-news/4391294/posts,https://freerepublic.com/focus/f-news/4391294/posts,0,freerepublic.com,Powerful earthquake sparks evacuations in Colombia,"‘Significant casualties and damage are likely,’ according to the US Geological Survey. What we know so far • A 7.4 magnitude earthquake was recorded Monday in western Colombia, according to the US Geological Survey. • The epicenter was located in San José del…",,2026-08-10T15:20:22Z,,"Skip to comments.
Powerful earthquake sparks evacuations in ColombiaCNN World ^
 | 8/10/2026
 | CNN Staff
Posted on 08/10/2026 8:20:22 AM PDT by VanShuyten
Significant casualties and damage are … [+1472 chars]",,en,Earthquake Colombia,Earthquake,usgs,Colombia,NWS,South-America
https://www.huffpost.com/entry/western-colombia-ecuador-earthquake_n_6a79eae5e4b0a6d70bb28826,https://www.huffpost.com/entry/western-colombia-ecuador-earthquake_n_6a79eae5e4b0a6d70bb28826,0,www.huffpost.com,Powerful 7.4-Magnitude Earthquake Kills At Least 20 In Western Colombia,"The quake trapped residents under debris, leaving more injured and forcing people to evacuate their homes as far as the capital of Bogotá.",https://img.huffingtonpost.com/asset/6a79ec75150000bb33e8bc1a.jpeg?cache=A7Lqsveq6D&ops=1200_630,2026-08-10T15:27:11Z,,"BOGOTA, Colombia (AP) At least 20 people were killed and dozens of buildings collapsed in cities across western Colombia on Monday after a powerful 7.4-magnitude earthquake struck the South American … [+2874 chars]",,en,Earthquake Colombia,Earthquake,usgs,Colombia,NWS,South-America
https://abcnews.com/International/colombia-earthquake-fatalities-buildings-collapsed/story?id=135518897,https://abcnews.com/International/colombia-earthquake-fatalities-buildings-collapsed/story?id=135518897,0,abcnews.com,At least 24 dead after 7.4-magnitude earthquake impacts Colombia: Officials,"The earthquake's epicenter was 5 kilometers east of San José del Palmar, Colombia, according to the U.S. Geological Survey.",https://i.abcnewsfe.com/a/327a25da-2a2f-4d2d-a6f4-0d4de63069de/columbia-1-ap-er-260710_1786376855348_hpMain_16x9.jpg?w=1600,2026-08-10T16:21:43Z,,"Dozens of people are dead after a 7.4-magnitude earthquake rocked western Colombia on Monday, officials said.
The earthquake's epicenter was 5 kilometers east of San José del Palmar, Colombia, accor… [+1326 chars]",,en,Earthquake Colombia,Earthquake,usgs,Colombia,NWS,South-America
https://economictimes.indiatimes.com/news/international/global-trends/colombia-earthquake-the-quakes-that-killed-70000-people-158-years-ago-all-about-the-devastating-1868-colombia-ecuador-disaster/articleshow/133118674.cms,https://economictimes.indiatimes.com/news/international/global-trends/colombia-earthquake-the-quakes-that-killed-70000-people-158-years-ago-all-about-the-devastating-1868-colombia-ecuador-disaster/articleshow/133118674.cms,0,economictimes.indiatimes.com,"Colombia earthquake: The quakes that killed 70,000 people 158 years ago — all about the devastating 1868 Colombia-Ecuador disaster","A strong earthquake struck western Colombia on August 10, 2026, causing significant damage and fatalities. This event recalls the devastating 1868 Ecuador-Colombia earthquakes which killed thousands. The 1868 disaster was exacerbated by construction methods u…","https://img.etimg.com/thumb/msid-133119593,width-1200,height-630,imgsize-195736,overlay-economictimes/articleshow.jpg",2026-08-10T16:43:12Z,,"A powerful 7.4-magnitude earthquake struck western Colombia on August 10, 2026, killing at least 47 people and causing buildings to collapse across several cities, including Pereira, Manizales and ar… [+4135 chars]",,en,Earthquake Ecuador,Earthquake,usgs,Ecuador,NWS,South-America
https://gcaptain.com/black-sea-grain-exports-squeezed-as-danube-hits-record-low-levels/,https://gcaptain.com/black-sea-grain-exports-squeezed-as-danube-hits-record-low-levels/,0,gcaptain.com,Black Sea Grain Exports Squeezed as Danube Hits Record-Low Levels,Black Sea grain exports are facing fresh constraints as record-low Danube levels restrict flows through Romania just as escalating Russian strikes divert Ukrainian grain from Odesa and other ports.,https://gcaptain.com/wp-content/uploads/2025/07/2025-07-03T134901Z_163921200_RC2VEFATCLMA_RTRMADP_3_EUROPE-WEATHER-HUNGARY-DANUBE-800x533.jpg,2026-08-10T16:53:53Z,,(Bloomberg) — Black Sea grain exports are facing fresh constraints as record-low Danube levels restrict flows through Romania just as escalating Russian strikes divert Ukrainian grain from Odesa and … [+3999 chars],,en,Rain Romania,Precipitation,wmo,Romania,WCE,Europe
https://www.thehindubusinessline.com/news/world/colombia-earthquake-74-magnitude-quake-kills-at-least-69-buildings-collapse/article71329775.ece,https://www.thehindubusinessline.com/news/world/colombia-earthquake-74-magnitude-quake-kills-at-least-69-buildings-collapse/article71329775.ece,0,www.thehindubusinessline.com,"Colombia earthquake: 7.4-magnitude quake kills at least 69, buildings collapse","A 7.4-magnitude earthquake struck western Colombia, killing at least 47 people, collapsing buildings and triggering evacuations across several cities.",https://bl-i.thgim.com/public/incoming/ta6524/article71329786.ece/alternates/LANDSCAPE_1200/2026-08-10T163303Z_1130767925_RC2RVMA2JKGV_RTRMADP_3_COLOMBIA-QUAKE.JPG,2026-08-10T17:29:07Z,,"A powerful 7.4 magnitude earthquake struck western Colombia on Monday, killing at least 69 people, trapping residents under debris of collapsed buildings and forcing people to evacuate their homes as… [+4496 chars]",,en,Earthquake Colombia,Earthquake,usgs,Colombia,NWS,South-America
https://thoughtcatalog.com/jeremy-london/2026/08/a-7-4-earthquake-just-killed-at-least-77-people-in-western-colombia/,https://thoughtcatalog.com/jeremy-london/2026/08/a-7-4-earthquake-just-killed-at-least-77-people-in-western-colombia/,0,thoughtcatalog.com,A 7.4 Earthquake Just Killed at Least 77 People in Western Colombia,"A powerful earthquake has devastated Colombia’s coffee-growing region, killing dozens and trapping people beneath collapsed buildings as rescue crews race to reach survivors. The disaster str…",https://thoughtcatalog.com/wp-content/uploads/2026/08/a-7-4-earthquake-just-killed-at-least-77-people-in-western-colombia.jpg?w=1536&h=768&crop=1,2026-08-10T18:15:34Z,,"A powerful earthquake has devastated Colombia’s coffee-growing region, killing dozens and trapping people beneath collapsed buildings as rescue crews race to reach survivors. The disaster struck just… [+2966 chars]",,en,earthquake,Earthquake,random,,,
https://time.com/article/2026/08/10/colombia-earthquake-death-toll-damage/,https://time.com/article/2026/08/10/colombia-earthquake-death-toll-damage/,0,time.com,What to Know About the Earthquake in Colombia,"A 7.4-magnitude earthquake rattled western Colombia on Monday, causing widespread destruction and leaving at least 111 people dead.",https://static.time.com/v3/assets/bltea6093859af6183b/blt2786fec98b18c2e9/6a7a201d20670554e3408643/Colombia-Earthquake.jpg?branch=production&width=2400&quality=75&auto=webp&crop=16:9,2026-08-10T19:41:16Z,,"To the Colombians who are going through difficult times today, I want to say: you are not alone, he said. You have a President who cares deeply for his people and who will do everything necessary to … [+672 chars]",,en,earthquake,Earthquake,random,,,
https://skepticalscience.com/future-floods-wont-one-at-a-time.html,https://skepticalscience.com/future-floods-wont-one-at-a-time.html,0,skepticalscience.com,The floods of the future won’t come one at a time,"This is a re-post from Yale Climate Connections by Jeff Masters
When a weak 45-mph tropical storm named Harvey moved through the Lesser Antilles Islands in August 2017 and then petered out in the central Caribbean Sea, no one could have suspected that the mea…",https://skepticalscience.com/public/assets/images/og/button_sks_200.jpg,2026-08-10T20:01:05Z,,"Posted on 10 August 2026 by Guest Author
This is a re-post from Yale Climate Connections by Jeff Masters
When a weak 45-mph tropical storm named Harvey moved through the Lesser Antilles Islands in … [+16820 chars]",,en,storm,Storm,random,,,
http://www.rollingstone.com/music/music-latin/j-balvin-shakira-colombia-earthquake-1235606488/,http://www.rollingstone.com/music/music-latin/j-balvin-shakira-colombia-earthquake-1235606488/,0,www.rollingstone.com,"Shakira, J Balvin, More Colombian Stars Support Earthquake Victims","Some have shared links to donate supplies and used their platforms to help families locate loved ones after 7.4 quake rattles cities like Bogotá, Medellín, and Cali",https://www.rollingstone.com/wp-content/uploads/2026/08/shakira-j-balvin-support.jpg?crop=0px%2C0px%2C1800px%2C1014px&resize=1600%2C900,2026-08-10T21:24:35Z,,"In light of the devastating earthquake in Colombia Monday  morning, many of the country’s biggest stars are calling for support. J Balvin, Maluma, Shakira, and more are using their platforms to call … [+2260 chars]",,en,Earthquake Colombia,Earthquake,usgs,Colombia,NWS,South-America
https://www.darkhorizons.com/samara-weaving-joins-the-zelda-movie/,https://www.darkhorizons.com/samara-weaving-joins-the-zelda-movie/,0,www.darkhorizons.com,Samara Weaving Joins The “Zelda” Movie,"Hot on the heels of her being cast as Emma Frost in Marvel’s “X-Men” film, Australian actress Samara Weaving has been revealed to have scored another gig – one she’s already filmed. Industry insider The Beyond Reporter (via The Tech Times) claims Weaving has …",https://cdndark.darkhorizons.com/wp-content/uploads/2026/08/samara-weaving-joins-the-zelda-movie.jpg,2026-08-10T23:24:12Z,,"Hot on the heels of her being cast as Emma Frost in Marvels X-Men film, Australian actress Samara Weaving has been revealed to have scored another gig one shes already filmed.
Industry insider The B… [+828 chars]",,en,frost,Snow&Ice,random,,,
http://deadline.com/2026/08/telemundo-operacion-triunfo-final-live-show-quake-colombia-1237030655/,http://deadline.com/2026/08/telemundo-operacion-triunfo-final-live-show-quake-colombia-1237030655/,0,deadline.com,Telemundo’s ‘Operación Triunfo’ Carries On With Final Live Show Following Devastating 7.4 Magnitude Quake In Colombia,"Telemundo’s Operación Triunfo Season 1 finale was marred by sadness after the 7.4-magnitude earthquake that struck Colombia on Monday, August 10. The singing competition was to be full of joy as one singer was crowned the winner of the talent show following w…",https://deadline.com/wp-content/uploads/2026/08/operacion-triunfo-telemundo-temblor-colombia.jpg?w=1024,2026-08-11T00:12:12Z,,"Telemundo‘s Operación Triunfo Season 1 finale was marred by sadness after the 7.4-magnitude earthquake that struck Colombia on Monday, August 10.
The singing competition was to be full of joy as one… [+1623 chars]",,en,Earthquake Colombia,Earthquake,usgs,Colombia,NWS,South-America
https://www.abc.net.au/news/2026-08-11/alexandria-ocasio-cortez-egg-freezing/107022606,https://www.abc.net.au/news/2026-08-11/alexandria-ocasio-cortez-egg-freezing/107022606,0,www.abc.net.au,Alexandria Ocasio-Cortez is freezing her eggs to feel 'in control'. How does it work?,"The 36-year-old said she felt ""empowered"" by her decision, while adding that it came with political risk.",https://live-production.wcms.abc-cdn.net.au/ed314c4ae9bbe07b631c78d217dd99cc?impolicy=wcms_watermark_news&cropH=466&cropW=828&xPos=0&yPos=349&width=862&height=485&imformat=generic,2026-08-11T02:08:14Z,,"US congresswoman Alexandria Ocasio-Cortez is freezing her eggs and says she will be documenting the process on her social media.
""It has taken me time to consider, weigh and save up for, and it is o… [+9023 chars]",,en,freezing,Snow&Ice,random,,,
https://theconversation.com/colombia-earthquake-has-killed-at-least-132-my-research-helps-explain-why-it-was-so-destructive-289478,https://theconversation.com/colombia-earthquake-has-killed-at-least-132-my-research-helps-explain-why-it-was-so-destructive-289478,0,theconversation.com,Colombia earthquake has killed at least 132. My research helps explain why it was so destructive,"Many buildings in Colombia have thin concrete walls, which makes them extremely vulnerable to collapse.",https://images.theconversation.com/files/753212/original/file-20260811-60-hrwid5.jpg?ixlib=rb-4.1.1&rect=0%2C604%2C5033%2C2516&q=45&auto=format&w=1356&h=668&fit=crop,2026-08-11T04:16:00Z,,"Locals and officials in Colombia have begun a massive search and rescue effort to find survivors of a powerful earthquake that struck near San José del Palmar in Chocó, with major damage observed in … [+5479 chars]",,en,earthquake,Earthquake,random,,,
https://www.thejournal.ie/search-and-rescue-efforts-underway-in-colombia-after-earthquake-kills-132-7127123-Aug2026/,https://www.thejournal.ie/search-and-rescue-efforts-underway-in-colombia-after-earthquake-kills-132-7127123-Aug2026/,0,www.thejournal.ie,Search and rescue efforts underway in Colombia after powerful earthquake kills at least 132,"By Monday night, more than 2,700 people had been reported missing.",https://img2.thejournal.ie/article/7127123/river/?height=400&version=7127126,2026-08-11T06:38:17Z,,"SEARCH AND RESCUE efforts were underway early today in dozens of cities and towns in western Colombia after a powerful earthquake struck the region, killing at least 132 people and leaving many trapp… [+3336 chars]",,en,Earthquake Colombia,Earthquake,usgs,Colombia,NWS,South-America
https://www.nbcnews.com/news/us-news/primaries-democratic-party-colombia-earthquake-morning-rundown-rcna591869,https://www.nbcnews.com/news/us-news/primaries-democratic-party-colombia-earthquake-morning-rundown-rcna591869,0,www.nbcnews.com,Primaries test the Democratic Party and ‘red alert’ after Colombia earthquake: Morning Rundown,Progressive Democrats fight for primary wins in Wisconsin and Minnesota.,"https://media-cldnry.s-nbcnews.com/image/upload/t_nbcnews-fp-1200-630,f_auto,q_auto:best/rockcms/2026-08/260806-hong-wisconsin-mb-1238-4d76b6.jpg",2026-08-11T11:13:01Z,,Progressive Democrats fight for primary wins in Wisconsin and Minnesota. A military intelligence assessment finds Irans priorities have shifted away from nuclear weapons and onto the Strait of Hormuz… [+7906 chars],,en,earthquake,Earthquake,random,,,
https://www.globalsecurity.org/military/library/news/2026/08/mil-260811-unnews02.htm,https://www.globalsecurity.org/military/library/news/2026/08/mil-260811-unnews02.htm,0,www.globalsecurity.org,Colombia earthquake: UN joins national response,"As earthquake rescue efforts across western Colombia continued on Tuesday, UN agencies said that they stood ready to help ""with everything we've got"", in coordination with national authorities.",,2026-08-11T12:00:00Z,,"11 August 2026 - As earthquake rescue efforts across western Colombia continued on Tuesday, UN agencies said that they stood ready to help ""with everything we've got"", in coordination with national a… [+4729 chars]",,en,Earthquake Colombia,Earthquake,usgs,Colombia,NWS,South-America
https://www.ewtnnews.com/vatican/pope-leo-xiv-expresses-sorrow-for-the-victims-of-earthquake-in-colombia,https://www.ewtnnews.com/vatican/pope-leo-xiv-expresses-sorrow-for-the-victims-of-earthquake-in-colombia,0,www.ewtnnews.com,Pope Leo XIV expresses sorrow for the victims of earthquake in Colombia,The pontiff expressed his closeness to the Colombian people in a message on Aug. 11.,"https://res.cloudinary.com/ewtn/image/upload/c_fill,g_auto,w_1200,h_630/v1775234105/260403_GOOD_FRIDAY_CELEBRATION_OF_THE_PASSION_OF_THE_LORD_Daniel_Ib%C3%A1%C3%B1ez_16_q6gsgk.jpg",2026-08-11T13:10:00Z,,"Amid the devastation of a 7.4-magnitude earthquake that struck western Colombia on Aug. 10, Pope Leo XIV has sent his condolences to all victims of the disaster and assured them of his closeness.
In… [+1670 chars]",,en,Earthquake Colombia,Earthquake,usgs,Colombia,NWS,South-America
http://foreignpolicy.com/2026/08/11/colombia-earthquakes-de-la-espriella-yemen-houthis-russia-yabloko-court-syria-assad/,http://foreignpolicy.com/2026/08/11/colombia-earthquakes-de-la-espriella-yemen-houthis-russia-yabloko-court-syria-assad/,0,foreignpolicy.com,Colombia’s New President Faces His First Major Test,President Abelardo de la Espriella took office mere days before a major earthquake struck the country.,https://foreignpolicy.com/wp-content/uploads/2026/08/GettyImages-2289538918.jpg,2026-08-11T19:52:24Z,,"Welcome back to World Brief, where were looking at earthquake recovery efforts in Colombia, ongoing violence in the Middle East, and the persecution of Russias only antiwar party.
 Devastation in Co… [+7476 chars]",,en,earthquake,Earthquake,random,,,
http://www.arrl.org/news/view/colombian-emergency-network-activated-following-earthquake,http://www.arrl.org/news/view/colombian-emergency-network-activated-following-earthquake,0,www.arrl.org,Colombian Emergency Network Activated Following Earthquake,"ARRL received the following report from Carlos Alberto Santamaría González, CO2JC, Emergency Communications Coordinator, International Amateur Radio Union, Region 2 (IARU R2).Monday, August 10, 2026This morning, several regions of Colombia were shaken by an e…",http://www.arrl.org//www.arrl.org/files/image/About_ARRL/ARRL_logo_with_title.jpg,2026-08-11T21:32:00Z,,"08/11/2026ARRL received the following report from Carlos Alberto Santamaría González, CO2JC, Emergency Communications Coordinator, International Amateur Radio Union, Region 2 (IARU R2).
Monday, Augu… [+2670 chars]",,en,Earthquake Colombia,Earthquake,usgs,Colombia,NWS,South-America
https://www.dw.com/en/europe-braces-for-next-heat-wave/a-78334723,https://www.dw.com/en/europe-braces-for-next-heat-wave/a-78334723,0,www.dw.com,Europe braces for next heat wave,"More than half the continent, including much of Germany, is set for a third wave of extreme heat this summer. The prolonged hot weather has significantly worsened wildfires and drought conditions across Europe.",https://static.dw.com/image/78333579_6.jpg,2026-08-12T11:41:00Z,,"Millions of people across Europe on Wednesday were set for more extreme heat, as yet another heat wave descends on the world's fastest-warming continent.
In France, Italy and Spain, some 92 million … [+3287 chars]",,en,drought,Drought,random,,,
https://www.theartnewspaper.com/2026/08/11/colombia-earthquake-damages-manizales-cathedral,https://www.theartnewspaper.com/2026/08/11/colombia-earthquake-damages-manizales-cathedral,0,www.theartnewspaper.com,Tower Of Colombia’s Tallest Cathedral Collapses In Earthquake,"At the Cathedral Basilica of Our Lady of the Rosary, a 1939 building in the city of Manizales and the tallest neo-Gothic church in the Americas, one of the side towers toppled onto the center of the building following the 7.4 magnitude quake which struck Colo…","https://cdn.sanity.io/images/cxgd3urn/production/0b9b2186ed8b6172e3d62f6bbaa6d890cf310be6-2000x1333.jpg?rect=0,61,2000,1200&w=1200&h=720&q=85&fit=crop&auto=format",2026-08-12T15:02:00Z,,"A historic cathedral in Colombia suffered severe damage in the earthquake that rocked the countrys western regions on Monday (10 August), killing more than 200 people and damaging over 1,600 building… [+4110 chars]",,en,Earthquake Colombia,Earthquake,usgs,Colombia,NWS,South-America
https://msmagazine.com/2026/08/12/keeping-score-trump-disapproval-ice-violence-aoc-freezing-eggs/,https://msmagazine.com/2026/08/12/keeping-score-trump-disapproval-ice-violence-aoc-freezing-eggs/,0,msmagazine.com,Keeping Score: Trump Disapproval Hits a New Low; Continued ICE Violence; AOC on Freezing Her Eggs: ‘Don’t Be Weird About This’,"In every issue of Ms., we track research on our progress in the fight for equality, catalogue can’t-miss quotes from feminist voices and keep tabs on the feminist movement’s many milestones. We’re Keeping Score online, too—in this biweekly roundup.
This week:…",https://msmagazine.com/wp-content/uploads/2026/08/Keeping-Score-Trump-Disapproval-Hits-a-New-Low-Continued-ICE-Violence-AOC-on-Freezing-Her-Eggs-Dont-Be-Weird-About-This.png,2026-08-12T22:43:59Z,,"In every issue of Ms., we track research on our progress in the fight for equality, catalogue cant-miss quotes from feminist voices and keep tabs on the feminist movement’s many milestones. We’re Kee… [+18857 chars]",,en,freezing,Snow&Ice,random,,,
https://www.cbc.ca/news/canada/ottawa/for-victims-of-canada-day-flooding-every-rainstorm-raises-fresh-fears-9.7305141,https://www.cbc.ca/news/canada/ottawa/for-victims-of-canada-day-flooding-every-rainstorm-raises-fresh-fears-9.7305141,0,www.cbc.ca,"For victims of Canada Day flooding, every rainstorm raises fresh fears","More than a month after a torrential rainstorm flooded thousands of homes in Ottawa, some residents say they're on edge every time it rains.","https://i.cbc.ca/ais/f8a7d4af-9408-47fe-9af2-3dfa3ee5a7e9,1786577050551/full/max/0/default.jpg?im=Crop%2Crect%3D%280%2C0%2C1280%2C720%29%3BResize%3D620",2026-08-12T23:27:14Z,,"Aroha DeForest has lived in her Nepean home since the 1990s, and first bought sandbags after her property flooded in 2023.
Ever since the record-breaking rainstorm on Canada Day, she said theyre now… [+2360 chars]",,en,Flood Canada,Flood,wmo,Canada,NEN,North-America
https://www.today.com/news/help-people-affected-earthquake-colombia-rcna591979,https://www.today.com/news/help-people-affected-earthquake-colombia-rcna591979,0,www.today.com,How to Help People Impacted by the Colombia Earthquake,A desperate search for survivors remains underway after a powerful 7.4-magnitude earthquake struck western Colombia on Monday morning.,"https://media-cldnry.s-nbcnews.com/image/upload/t_social_share_1200x630_center,f_auto,q_auto:best/rockcms/2026-08/260811-16x9-colombia-ch-1104-89ca01.jpg",2026-08-13T01:11:58Z,,"A desperate search for survivors remains underway after a powerful 7.4-magnitude earthquake struck western Colombia on Monday morning.
The quake has left at least 209 people dead and more than 2,500… [+3310 chars]",,en,Earthquake Colombia,Earthquake,usgs,Colombia,NWS,South-America
https://www.aljazeera.com/news/2026/8/13/uk-drought-imperils-farmers,https://www.aljazeera.com/news/2026/8/13/uk-drought-imperils-farmers,0,www.aljazeera.com,"As temperatures soar, ‘exceptionally serious’ drought imperils UK farmers","Farmers trying to adapt to extreme weather say even with the best planning, their industry is facing its toughest test.",https://www.aljazeera.com/wp-content/uploads/2026/08/Tom-01-1786526156.jpg?resize=1920%2C1440,2026-08-13T08:15:17Z,,"Cambridgeshire, United Kingdom Tom Pearson looks down at a crack in his own field, wide enough to plunge his fingers into.
Beneath the stubble of a freshly combined oat crop on his Manor Farm in Cax… [+7016 chars]",,en,drought,Drought,random,,,
https://gardenrant.com/2026/08/do-we-really-want-more-prairie-gardens-in-a-heatwave.html,https://gardenrant.com/2026/08/do-we-really-want-more-prairie-gardens-in-a-heatwave.html,0,gardenrant.com,Do We Really Want More Prairie Gardens in a Heatwave?,"Lucy Allen comes to GardenRant this week from Substack, and from a sweltering and very dry United Kingdom. --MW I know. We are all far too hot. But I am going to talk about it, all the same. During this latest heatwave - flipping through magazines; trying to …",https://gardenrant.com/wp-content/uploads/2026/08/Lucy-Allen-2.jpg,2026-08-13T19:18:34Z,,"Lucy Allen comes to GardenRant this week from Substack, and from a sweltering and very dry United Kingdom. –MW

I know. We are all far too hot. But I am going to talk about it, all the same.
During t… [+6671 chars]",,en,Heat Wave United Kingdom,Heat Wave,wmo,United Kingdom,NEU,Europe
https://www.dailymail.com/news/article-16052013/Euro-inferno-500-tourists-evacuated-Greek-beach-thousands-people-forced-flee-wildfires-hit-Croatia-France-Germany.html,https://www.dailymail.com/news/article-16052013/Euro-inferno-500-tourists-evacuated-Greek-beach-thousands-people-forced-flee-wildfires-hit-Croatia-France-Germany.html,0,www.dailymail.com,"Euro inferno: 500 tourists evacuated from Greek beach, while thousands of people are forced to flee as wildfires also hit Croatia, France and Germany","Wildfires are raging across Europe, causing 500 tourists to be evacuated from a Greek beach while thousands have been forced to flee Croatia, France and Germany.",https://i.dailymail.com/1s/2026/08/14/07/110632015-0-image-a-18_1786688848724.jpg,2026-08-14T06:51:30Z,,"Gigantic wildfires are raging across Europe, causing 500 tourists to be evacuated from a Greek beach while thousands have been forced to flee Croatia, France and Germany.
In northern Greece, water-b… [+7940 chars]",,en,wildfire,Wildfire,random,,,
https://www.prnewswire.com/news-releases/zoomlion-mobilizes-emergency-equipment-and-personnel-for-colombia-earthquake-relief-302851595.html,https://www.prnewswire.com/news-releases/zoomlion-mobilizes-emergency-equipment-and-personnel-for-colombia-earthquake-relief-302851595.html,0,www.prnewswire.com,Zoomlion Mobilizes Emergency Equipment and Personnel for Colombia Earthquake Relief,"BOGOTA, Colombia, Aug. 14, 2026 /PRNewswire/ -- Zoomlion Heavy Industry Science & Technology Co., Ltd. (""Zoomlion"") has deployed excavators, skid steer loaders, cranes and relief supplies to support rescue efforts in the wake of the magnitude-7.5 earthquake t…",https://mmx.prnewswire.com/media/MS1969610/20260813220808EDT_image_1.jpg?id=OA2886836&p=facebook,2026-08-14T07:08:00Z,,"BOGOTA, Colombia, Aug. 14, 2026 /PRNewswire/ -- Zoomlion Heavy Industry Science &amp; Technology Co., Ltd. (""Zoomlion"") has deployed excavators, skid steer loaders, cranes and relief supplies to supp… [+1839 chars]",,en,earthquake,Earthquake,random,,,
https://www.aljazeera.com/news/2026/8/14/wildfires-force-thousands-to-flee-as-blazes-spread-across-europe,https://www.aljazeera.com/news/2026/8/14/wildfires-force-thousands-to-flee-as-blazes-spread-across-europe,0,www.aljazeera.com,Wildfires force thousands to flee as blazes spread across Europe,At least a dozen people have reportedly been hospitalised in Croatia after blazes tore into the tourist town of Omis.,https://www.aljazeera.com/wp-content/uploads/2026/08/reuters_6a7ec7c0-1786693568.jpg?resize=1920%2C1440,2026-08-14T08:23:27Z,,"Thousands of people have been forced to evacuate across Germany, France, Croatia and Greece as wildfires continue to rage across parts of western and southeastern Europe.
The blazes follow successiv… [+1627 chars]",,en,Wildfire Croatia,Wildfire,effis,Croatia,MED,Europe
https://www.rte.ie/news/world/2026/0814/1587858-europe-wildfires/,https://www.rte.ie/news/world/2026/0814/1587858-europe-wildfires/,0,www.rte.ie,New wildfire forces evacuation of 500 people in France,"A new wildfire in southwestern France has forced the evacuation of more than 500 people and burned 1,100 hectares, officials said.",https://www.rte.ie/images/0024d784-1600.jpg,2026-08-14T08:35:59Z,,"A new wildfire in southwestern France has forced the evacuation of more than 500 people and burned 1,100 hectares, officials said.
This summer southwest France has been ravaged by forest fires which… [+4335 chars]",,en,Wildfire France,Wildfire,cmeter,France,WCE,Europe
https://www.npr.org/2026/08/14/g-s1-138727/europe-asia-floods-heatwaves-world-weather,https://www.npr.org/2026/08/14/g-s1-138727/europe-asia-floods-heatwaves-world-weather,0,www.npr.org,"From Europe to Asia, floods to heatwaves, world experiences weather shocks",At least eight people died in Japan as heavy rains flooded roads and disrupted traffic while firefighters from Britain to France and Croatia struggled to contain blazes in Europe's fifth heatwave this summer,https://npr.brightspotcdn.com/dims3/default/strip/false/crop/7290x4101+0+380/resize/1400/quality/85/format/jpeg/?url=http%3A%2F%2Fnpr-brightspot.s3.amazonaws.com%2Fd3%2F1c%2F26832b3d4aec807e53cca280bfe9%2Fgettyimages-2289788391.jpg,2026-08-14T10:30:17Z,,"In Japan, record-breaking rains outside the capital Tokyo on Friday led to widespread flooding and at least eight deaths, according to Japanese media.
The overnight rains also knocked out transporta… [+4008 chars]",,en,Flood France,Flood,wmo,France,WCE,Europe
http://foreignpolicy.com/2026/08/14/colombia-earthquake-espriella-foreign-policy-trump-us-israel/,http://foreignpolicy.com/2026/08/14/colombia-earthquake-espriella-foreign-policy-trump-us-israel/,0,foreignpolicy.com,Colombia’s Week of Rupture,Monday’s deadly earthquake presents the country’s new president with his first big test.,https://foreignpolicy.com/wp-content/uploads/2026/08/Colombia-earthquake-Rubble-GettyImages-2289355965.jpg,2026-08-14T12:00:19Z,,"Welcome back to Foreign Policys Latin America Brief.
The highlights this week: A deadly earthquake rattles Colombia, the United States threatens visa bans for Argentines doing business with Huawei, … [+10560 chars]",,en,Earthquake Colombia,Earthquake,usgs,Colombia,NWS,South-America
https://fortune.com/2026/08/14/one-ticket-one-gas-station-1-billion-powerballs-drought-ends-in-illinois/,https://fortune.com/2026/08/14/one-ticket-one-gas-station-1-billion-powerballs-drought-ends-in-illinois/,0,fortune.com,"One ticket, one gas station, $1 billion: Powerball’s drought ends in Illinois","A single ticket sold at a Hy-Vee gas station in Quincy, Illinois won the $1.04 billion jackpot, ending Powerball's three-month drought.","https://fortune.com/img-assets/wp-content/uploads/2026/08/AP26223806410662-e1786714751119.jpg?resize=1200,600",2026-08-14T13:58:19Z,,"A Powerball ticket sold at a gas station in western Illinois was the sole winner of the $1 billion jackpot, ending a three-month drought without a top-prize victor.The ticket that won the jackpot Wed… [+1922 chars]",,en,drought,Drought,random,,,
http://foreignpolicy.com/2026/08/14/foreign-policy-news-quiz-colombia-earthquake-typhoon-russia-lebanon-eclipse/,http://foreignpolicy.com/2026/08/14/foreign-policy-news-quiz-colombia-earthquake-typhoon-russia-lebanon-eclipse/,0,foreignpolicy.com,What in the World?,"Test yourself on the week of Aug. 8: A major earthquake hits Colombia, Lebanon achieves a regional first, and parts of Europe enjoy a solar eclipse.",https://foreignpolicy.com/wp-content/uploads/2026/08/Eclipse-France-GettyImages-2289771381.jpg,2026-08-14T19:08:03Z,,"1. Syria announced on Sunday that it had reached a memorandum of understanding with Russia regarding what topic?
A streamlined work visa program for Syrians in Russia
The future of Russias military… [+3964 chars]",,en,Earthquake Sola,Earthquake,usgs,Vanuatu,SPO,Oceania
https://www.cbc.ca/news/canada/manitoba/overland-flood-warning-western-manitoba-9.7308038,https://www.cbc.ca/news/canada/manitoba/overland-flood-warning-western-manitoba-9.7308038,0,www.cbc.ca,Overland flood warning issued for areas of southwestern Manitoba,"An overland flood watch is in effect for parts of southwestern Manitoba, as heavy rains hitting the area Friday are expected to continue into Saturday.","https://i.cbc.ca/ais/1.6449920,1758055638000/full/max/0/default.jpg?im=Crop%2Crect%3D%280%2C198%2C4234%2C2381%29%3BResize%3D620",2026-08-14T21:31:22Z,,"An overland flood watch is in effect for parts of southwestern Manitoba, as heavy rains hitting the area Friday are expected to continue into Saturday. 
The province's hydrologic forecast centre iss… [+1716 chars]",,en,Flood Ning er,Flood,wmo,China,EAS,Asia
https://www.cnbc.com/2026/08/15/hawaii-under-hurricane-threat-as-tropical-storm-lala-strengthens.html,https://www.cnbc.com/2026/08/15/hawaii-under-hurricane-threat-as-tropical-storm-lala-strengthens.html,0,www.cnbc.com,Hawaii under hurricane threat as Tropical Storm Lala strengthens,"A hurricane warning was issued for the Big Island, and a tropical storm warning was in effect for Maui County.",https://image.cnbcfm.com/api/v1/image/108350064-1786789826092-gettyimages-2290026514-AFP_C4Q629F.jpeg?v=1786789851&w=1920&h=1080,2026-08-15T10:35:20Z,,"A resident looks at a young green sea turtle as ocean waters started to raise due to the approach of Tropical Storm Lala at Reed's Bay in Hilo, Hawaii on Aug. 14, 2026. A strengthening tropical storm… [+5971 chars]",,en,storm,Storm,random,,,
https://www.bbc.co.uk/news/articles/c4gvv07ww42o,https://www.bbc.co.uk/news/articles/c4gvv07ww42o,0,www.bbc.co.uk,The Papers: UK-made drones 'strike Russia' and 'phone theft Britain',Ukraine uses UK British-made drones to strike Russia and 230 phones a day stolen in the UK lead the Sunday papers.,https://ichef.bbci.co.uk/ace/branded_news/1200/cpsprodpb/69e0/live/ba051cb0-98f6-11f1-a7ab-8b30adf0800a.jpg,2026-08-15T22:36:36Z,,"Image caption, ""Climate, changed,"" is the Observer's pithy headline, describing it as ""the burning issue"" overlaying smoke billowing from mountainside fires in Powys, Wales. It gives a rundown of the… [+307 chars]",,en,Rain Russia,Precipitation,wmo,Russia,ESB,Europe
https://www.business-standard.com/world-news/at-least-five-people-killed-as-severe-storms-flooding-hit-indiana-126081600044_1.html,https://www.business-standard.com/world-news/at-least-five-people-killed-as-severe-storms-flooding-hit-indiana-126081600044_1.html,0,www.business-standard.com,"At least five people killed as severe storms, flooding hit Indiana","Authorities here said at least five people have died as a result of severe storms and flooding across the state this week, as first responders used boats to rescue more people Saturday from rising waters in neighbourhoods along the White River in Indianapolis…",https://bsmedia.business-standard.com/_media/bs/img/article/2025-09/24/thumb/featurecrop/1200X628/1758689107-4594.jpg,2026-08-16T02:12:33Z,,"Authorities here said at least five people have died as a result of severe storms and flooding across the state this week, as first responders used boats to rescue more people Saturday from rising wa… [+4720 chars]",,en,storm,Storm,random,,,
https://economictimes.indiatimes.com/news/international/us/a-vast-ocean-conveyor-carries-water-from-greenland-through-the-atlantic-for-350-years-and-shapes-rainfall-in-brazil-15400-years-ago-it-suddenly-surged-beyond-todays-strength/articleshow/133301466.cms,https://economictimes.indiatimes.com/news/international/us/a-vast-ocean-conveyor-carries-water-from-greenland-through-the-atlantic-for-350-years-and-shapes-rainfall-in-brazil-15400-years-ago-it-suddenly-surged-beyond-todays-strength/articleshow/133301466.cms,0,economictimes.indiatimes.com,"A vast ocean conveyor carries water from Greenland through the Atlantic for 350 years and shapes rainfall in Brazil; 15,400 years ago, it suddenly surged beyond today's strength","Recent sediment analyses indicate that the Atlantic Meridional Overturning Circulation has undergone surprising fluctuations in intensity. This crucial system distributes heat throughout the Atlantic Ocean, ultimately affecting global climate conditions. Whil…","https://img.etimg.com/thumb/msid-133302221,width-1200,height-630,imgsize-196710,overlay-economictimes/articleshow.jpg",2026-08-17T17:40:10Z,,A powerful system of Atlantic Ocean currents can change far more abruptly than scientists once thought. New evidence from sediments collected off Brazils northeastern coast shows that the Atlantic Me… [+6952 chars],,en,Rain Brazil,Precipitation,wmo,Brazil,SAM,South-America
https://www.marketbeat.com/instant-alerts/rio2-q2-earnings-call-highlights-2026-08-17/?utm_source=yahoofinance&amp;utm_medium=yahoofinance,https://www.marketbeat.com/instant-alerts/rio2-q2-earnings-call-highlights-2026-08-17/?utm_source=yahoofinance&amp;utm_medium=yahoofinance,0,www.marketbeat.com,Rio2 Q2 Earnings Call Highlights,"Rio2 (TSE:RIO) executives said operations at its Phoenix Gold project have been disrupted by two severe winter storms, delaying the company’s expected progre...",https://s.yimg.com/lo/mysterio/api/BE12AADF00E515E16B4800E35F81899AF9E148C0EFAD787EA4B973467C800A45/subgraphmysterio/resizefill_w1200_h675;quality_80;format_webp/https:%2F%2Fmedia.zenfs.com%2Fen%2Fmarketbeat_955%2F0ae53ba358a90b16d7b2b06d29727fdb.jpg,2026-08-17T23:03:28Z,,"Key Points
<ul><li>Interested in Rio2 Limited? Here are five stocks we like better.
</li><li>Phoenix Gold's ramp-up was delayed by two severe winter storms, which caused roughly four weeks of lost … [+8617 chars]",,en,Storm Ning er,Storm,wmo,China,EAS,Asia
https://economictimes.indiatimes.com/news/economy/agriculture/explained-why-a-super-el-nio-leaves-tropical-commodities-acutely-exposed/articleshow/133317721.cms,https://economictimes.indiatimes.com/news/economy/agriculture/explained-why-a-super-el-nio-leaves-tropical-commodities-acutely-exposed/articleshow/133317721.cms,0,economictimes.indiatimes.com,Explained: Why a super El Niño leaves tropical commodities acutely exposed,"A strengthening El Niño could disrupt global supplies of cocoa, coffee and sugar through drought, heat and excessive rainfall. Forecasters see a greater than 90% chance of a very strong event, posing fresh risks to major producing regions.","https://img.etimg.com/thumb/msid-133317751,width-1200,height-630,imgsize-178818,overlay-economictimes/articleshow.jpg",2026-08-18T09:29:25Z,,"LONDON/NEW YORK, - Global forecasters say an El Nino weather pattern is strengthening and could develop into a 'very strong' event that boosts temperatures, disrupts rainfall and poses risks to crops… [+4379 chars]",,en,Rain SIN,Precipitation,wmo,Mexico,NCA,North-America
